index,TestQuestionID,KnowledgeID,q_Level
0,4839,16,3
1,5122,142,2
2,4241,4,1
3,5362,36,1
4,5160,16,1
5,3930,27,1
6,782,24,2
7,2151,24,2
8,2952,36,3
9,5181,36,1
10,4437,19,1
11,4554,20,1
12,379,49,1
13,5389,28,1
14,5927,525,-1
15,1660,36,3
16,4440,223,1
17,5363,424,1
18,1770,4,1
19,4896,464,2
20,4240,127,1
21,1833,120,1
22,3839,51,-1
23,4725,36,3
24,3785,17,3
25,5298,416,3
26,2667,5,1
27,4829,315,-1
28,1565,135,-1
29,1225,24,1
30,5184,434,1
31,3447,49,3
32,2128,16,1
33,527,11,1
34,2887,137,2
35,1598,9,1
36,3924,8,1
37,1090,9,1
38,782,25,2
39,5050,429,2
40,5160,452,1
41,2980,89,1
42,1772,9,2
43,3186,4,3
44,813,247,1
45,1348,49,1
46,5627,540,-1
47,4923,36,1
48,3838,16,1
49,4887,16,1
50,2501,36,-1
51,2690,6,3
52,241,48,1
53,4924,434,2
54,2365,25,3
55,49,9,1
56,4807,230,1
57,2964,17,-1
58,1646,25,2
59,4839,19,3
60,2884,45,2
61,2144,310,1
62,4028,14,2
63,1624,172,1
64,2501,12,-1
65,5117,456,2
66,5070,419,2
67,5372,16,1
68,4867,9,1
69,3013,17,-1
70,1374,24,1
71,2207,27,1
72,962,4,3
73,377,16,1
74,519,12,1
75,4391,9,1
76,5653,541,-1
77,2535,12,-1
78,3082,16,-1
79,3112,24,2
80,4735,9,1
81,2465,25,3
82,1677,203,1
83,2432,9,1
84,5179,28,1
85,4379,9,1
86,773,114,1
87,2229,5,1
88,1296,279,1
89,5349,36,3
90,5035,476,1
91,4399,49,1
92,5550,524,-1
93,5032,142,1
94,3751,17,2
95,3126,36,1
96,702,24,1
97,4344,338,1
98,1625,227,3
99,1122,16,1
100,3620,20,2
101,1952,49,1
102,2733,8,1
103,5340,36,2
104,4475,24,2
105,2317,260,1
106,5281,36,2
107,5220,17,3
108,5279,419,2
109,3986,123,3
110,3101,209,3
111,5070,36,2
112,4266,294,1
113,1041,115,1
114,2687,8,1
115,306,8,2
116,1755,9,3
117,3096,123,3
118,2952,11,3
119,5374,28,1
120,2296,8,1
121,5203,36,3
122,3917,335,1
123,4361,9,1
124,2531,66,-1
125,2957,279,2
126,5315,450,1
127,4600,9,1
128,5533,524,-1
129,1079,229,1
130,5298,17,3
131,5227,422,1
132,5134,28,1
133,2974,325,3
134,1660,11,3
135,5418,499,2
136,1144,174,1
137,3627,11,1
138,5099,433,1
139,5127,425,1
140,1451,36,1
141,1487,165,1
142,3013,157,-1
143,5392,417,2
144,371,8,1
145,5024,424,1
146,3392,16,-1
147,5711,543,-1
148,3463,9,1
149,5116,28,1
150,4903,429,1
151,5525,528,-1
152,2462,9,1
153,335,36,1
154,2554,19,2
155,3702,5,5
156,3836,15,1
157,5397,503,-1
158,3101,13,3
159,1803,17,3
160,3082,12,-1
161,5299,487,1
162,311,84,1
163,2540,20,3
164,5091,419,3
165,5296,421,2
166,1378,48,1
167,2740,198,1
168,1880,13,-1
169,5670,541,-1
170,4949,489,1
171,1823,48,1
172,1621,48,1
173,2387,4,1
174,3412,17,2
175,1492,3,1
176,2880,9,1
177,3368,233,2
178,5571,525,-1
179,5122,422,2
180,1604,4,1
181,5230,425,1
182,5443,542,-1
183,917,24,3
184,5320,16,1
185,3533,148,1
186,5403,496,-1
187,3388,36,1
188,1070,84,1
189,5228,424,2
190,5476,511,-1
191,1391,24,2
192,1660,12,3
193,2207,130,1
194,5439,508,-1
195,2321,14,2
196,2359,20,2
197,2747,82,2
198,5565,532,-1
199,5335,28,1
200,209,5,1
201,5288,417,2
202,1767,108,1
203,1095,19,1
204,5528,524,-1
205,312,4,1
206,1983,16,1
207,5409,496,-1
208,2359,17,2
209,2501,93,-1
210,1942,378,3
211,1541,185,1
212,5655,515,-1
213,2365,106,3
214,3837,13,1
215,3879,234,1
216,359,19,1
217,5058,450,1
218,4033,12,1
219,1383,13,-1
220,353,16,-1
221,4936,16,1
222,1679,11,-1
223,3202,4,1
224,1441,36,-1
225,4485,15,1
226,5451,509,-1
227,3036,93,-1
228,4199,16,1
229,1399,9,2
230,3351,132,1
231,3468,30,1
232,2083,4,1
233,5077,16,1
234,278,369,1
235,2207,20,1
236,2358,8,1
237,3129,11,3
238,5165,419,3
239,4313,4,1
240,454,156,1
241,4683,52,1
242,3781,409,3
243,4875,28,1
244,2650,24,1
245,2034,105,2
246,1041,8,1
247,5607,525,-1
248,2439,5,1
249,2309,20,1
250,1231,20,1
251,4279,19,1
252,1872,11,1
253,5527,525,-1
254,4860,78,-1
255,3797,127,3
256,2974,49,3
257,1893,49,1
258,4967,420,1
259,1470,24,3
260,5272,476,1
261,519,16,1
262,1619,25,1
263,1699,151,1
264,920,9,1
265,599,26,1
266,3576,16,1
267,761,116,1
268,1740,16,1
269,4323,30,1
270,1366,4,1
271,1797,342,5
272,5252,422,2
273,719,8,1
274,4728,82,2
275,5450,507,-1
276,1392,16,1
277,2358,120,1
278,5088,441,1
279,1736,18,3
280,5117,16,2
281,1618,121,1
282,4346,24,2
283,4594,17,1
284,4747,24,1
285,2918,24,3
286,4813,9,1
287,4747,25,1
288,719,9,1
289,5356,28,1
290,2767,15,1
291,344,25,1
292,1231,27,1
293,5349,425,3
294,5099,16,1
295,5139,429,3
296,3021,262,1
297,28,5,3
298,1983,11,1
299,5227,433,1
300,5175,481,2
301,5026,489,3
302,2721,19,3
303,3562,24,1
304,232,5,3
305,3139,9,2
306,5602,525,-1
307,5160,414,1
308,4573,9,1
309,4894,17,2
310,2108,8,1
311,3636,164,1
312,5450,542,-1
313,2379,9,1
314,5711,85,-1
315,5902,543,-1
316,5413,496,-1
317,5387,425,1
318,5224,490,3
319,198,8,1
320,4981,28,1
321,5024,28,1
322,4992,16,1
323,1790,24,1
324,2545,25,2
325,5049,28,1
326,4811,17,3
327,824,15,1
328,5116,16,1
329,3515,31,3
330,2492,24,3
331,5144,434,3
332,4322,30,-1
333,5090,433,1
334,4954,16,1
335,487,20,2
336,2429,25,2
337,1142,142,1
338,311,5,1
339,2084,9,1
340,5335,428,1
341,1378,49,1
342,4983,142,2
343,4423,19,1
344,4698,9,1
345,3864,20,2
346,5034,36,2
347,39,16,-1
348,374,49,1
349,1857,25,2
350,4556,177,1
351,2093,215,2
352,4872,25,2
353,4907,28,3
354,473,16,1
355,2702,25,2
356,4628,48,1
357,5035,16,1
358,837,5,1
359,1677,8,1
360,1005,8,1
361,1694,48,1
362,4554,14,1
363,2387,323,1
364,3636,9,1
365,3609,17,1
366,2151,25,2
367,3805,15,-1
368,4914,414,2
369,5187,36,2
370,1524,49,1
371,1438,8,1
372,1896,4,1
373,5450,509,-1
374,4273,321,3
375,5297,420,1
376,2421,25,3
377,742,49,1
378,3234,16,1
379,5435,499,-1
380,5082,28,1
381,4956,470,1
382,308,11,1
383,2902,392,1
384,4207,48,3
385,1389,8,2
386,742,48,1
387,662,8,1
388,4727,8,2
389,5400,499,-1
390,1309,249,1
391,140,8,1
392,5124,428,1
393,436,8,1
394,4955,28,1
395,4878,442,1
396,4628,49,1
397,3838,85,1
398,2123,25,2
399,2785,4,1
400,5288,16,2
401,5410,497,-1
402,1672,4,3
403,5389,419,1
404,2067,5,1
405,1070,5,1
406,5474,512,-1
407,979,174,1
408,826,9,1
409,5110,28,1
410,4372,9,1
411,1998,11,1
412,1389,103,2
413,2767,17,1
414,5165,427,3
415,5198,16,2
416,2296,9,1
417,5593,525,-1
418,2869,9,1
419,5363,459,1
420,2321,20,2
421,1501,17,-1
422,1036,232,1
423,4971,28,1
424,4967,418,1
425,3855,19,3
426,4496,8,3
427,5112,428,1
428,5410,496,-1
429,311,4,1
430,5176,28,1
431,5062,448,4
432,3812,5,3
433,5151,16,2
434,3148,65,5
435,5256,28,1
436,3217,102,1
437,5199,28,1
438,5126,28,1
439,5476,512,-1
440,3839,25,-1
441,4275,48,1
442,4025,49,3
443,4728,24,2
444,4437,13,1
445,5024,414,1
446,2745,171,1
447,3276,12,3
448,541,27,2
449,3620,17,2
450,5902,542,-1
451,5039,424,4
452,4747,17,1
453,1968,9,1
454,2329,25,1
455,1772,8,2
456,5132,36,2
457,5228,414,2
458,1414,24,2
459,4138,11,1
460,3490,4,1
461,4967,16,1
462,2164,11,-1
463,3852,36,1
464,5383,36,3
465,5300,433,2
466,5538,524,-1
467,862,19,1
468,353,36,-1
469,5293,17,3
470,4420,16,-1
471,3841,12,1
472,1489,51,-1
473,3070,16,3
474,1968,33,1
475,3388,26,1
476,3799,12,1
477,5383,472,3
478,2162,9,1
479,1625,49,3
480,5435,496,-1
481,1944,8,1
482,1350,25,2
483,3953,51,1
484,5205,16,1
485,5186,16,1
486,3523,2,2
487,4906,28,1
488,1645,13,2
489,4067,25,3
490,129,74,3
491,2329,17,1
492,2387,5,1
493,5513,524,-1
494,2465,24,3
495,1602,9,1
496,4834,19,1
497,3336,249,1
498,5136,16,2
499,4439,13,3
500,4005,233,1
501,1264,294,1
502,5359,433,1
503,5258,16,3
504,5300,422,2
505,4482,13,5
506,5091,429,3
507,5169,463,2
508,5085,16,1
509,1599,9,2
510,1505,121,1
511,349,4,1
512,5609,525,-1
513,1749,71,1
514,704,202,3
515,5385,16,2
516,5204,471,1
517,742,145,1
518,3323,25,1
519,2740,49,1
520,5163,422,1
521,5252,36,2
522,3412,104,2
523,335,16,1
524,2554,20,2
525,344,13,1
526,2964,51,-1
527,793,4,1
528,5279,36,2
529,4839,20,3
530,1669,76,1
531,1189,75,1
532,2701,47,1
533,5374,424,1
534,4971,142,1
535,4220,115,1
536,4680,8,3
537,2309,27,1
538,1122,124,1
539,3721,188,2
540,361,19,2
541,3234,14,1
542,5083,461,2
543,1128,25,2
544,1338,16,1
545,3812,4,3
546,1872,17,1
547,2329,121,1
548,4874,36,2
549,5546,524,-1
550,4000,5,3
551,4681,4,2
552,2846,274,1
553,3234,19,1
554,4874,416,2
555,5616,512,-1
556,341,16,1
557,1614,333,1
558,2492,96,3
559,1602,8,1
560,3841,36,1
561,1777,5,1
562,1310,20,2
563,3021,9,1
564,703,122,2
565,3390,9,2
566,2099,211,2
567,1074,20,1
568,2570,48,3
569,2772,51,1
570,5132,416,2
571,5533,530,-1
572,1090,8,1
573,3070,19,3
574,4917,428,1
575,2128,27,1
576,3577,15,-1
577,1471,20,1
578,826,8,1
579,5676,542,-1
580,1566,182,1
581,5592,534,-1
582,5593,533,-1
583,2510,25,2
584,2540,13,3
585,5911,545,-1
586,1561,116,1
587,3903,16,1
588,2340,8,1
589,5594,525,-1
590,350,13,3
591,5473,512,-1
592,2464,9,1
593,5917,524,-1
594,5928,525,-1
595,4982,36,2
596,2650,25,1
597,2964,25,-1
598,542,25,3
599,2128,20,1
600,2744,197,3
601,4894,419,2
602,4987,422,2
603,4339,8,1
604,5189,486,1
605,5316,479,3
606,4959,36,2
607,5193,441,2
608,1717,13,3
609,1740,78,1
610,491,12,-1
611,4210,369,1
612,3209,8,1
613,1142,20,1
614,884,161,1
615,3958,48,3
616,2556,8,1
617,5157,17,3
618,1168,24,2
619,826,204,1
620,5602,535,-1
621,4906,142,1
622,5494,524,-1
623,656,24,1
624,1078,166,1
625,883,8,1
626,5281,434,2
627,5177,457,2
628,4924,36,2
629,2030,110,1
630,1880,24,-1
631,1207,5,3
632,4976,36,2
633,928,17,3
634,5144,16,3
635,5236,36,1
636,4516,5,1
637,1523,48,1
638,1388,12,-1
639,3522,48,3
640,4887,416,1
641,3595,9,3
642,5070,484,2
643,1435,159,1
644,2173,9,1
645,1031,121,-1
646,1944,8,1
647,1483,48,3
648,3130,25,3
649,928,104,3
650,2351,24,1
651,1332,49,3
652,4980,16,1
653,1519,13,-1
654,5112,426,1
655,5123,424,1
656,5438,541,-1
657,5249,16,1
658,3138,48,3
659,5002,16,1
660,2114,24,2
661,5157,429,3
662,1005,9,1
663,5059,417,3
664,1505,13,1
665,5104,422,2
666,5597,535,-1
667,2637,8,1
668,3819,48,3
669,3217,4,1
670,2916,8,3
671,2842,49,1
672,2393,8,1
673,3476,49,1
674,2607,20,3
675,3082,78,-1
676,813,9,1
677,1348,48,1
678,5063,434,1
679,1374,170,1
680,5184,16,1
681,210,77,1
682,1893,48,1
683,5220,474,3
684,3900,9,1
685,2143,331,1
686,1356,8,1
687,2330,5,1
688,519,179,1
689,5102,429,1
690,4361,187,1
691,1624,9,1
692,5282,36,2
693,5189,142,1
694,1348,127,1
695,3800,338,1
696,5283,429,2
697,826,8,1
698,1539,8,1
699,3886,9,1
700,3219,247,1
701,1258,171,1
702,5163,16,1
703,3390,8,2
704,339,49,3
705,5187,16,2
706,4894,429,2
707,1624,9,1
708,3875,36,-1
709,5655,542,-1
710,235,103,1
711,3410,9,3
712,5588,524,-1
713,1561,8,1
714,2980,25,1
715,4575,193,3
716,635,36,1
717,16,4,1
718,1956,101,1
719,2462,8,1
720,5406,496,-1
721,1983,15,1
722,4327,12,-1
723,3037,48,1
724,1492,5,1
725,500,49,1
726,5213,17,1
727,3545,9,1
728,4785,25,2
729,902,14,1
730,2955,36,1
731,5476,513,-1
732,1599,385,2
733,5118,16,2
734,4907,424,3
735,5293,16,3
736,454,48,1
737,2003,279,2
738,5067,434,2
739,4066,1,2
740,3946,9,1
741,3575,16,1
742,3922,25,2
743,3504,17,2
744,3770,16,1
745,5333,429,2
746,5458,512,-1
747,5116,479,1
748,2162,8,1
749,4987,433,2
750,5612,525,-1
751,3095,8,1
752,827,9,1
753,2766,49,1
754,4947,429,2
755,4534,25,2
756,3384,13,-1
757,1944,331,1
758,1117,24,2
759,3246,142,1
760,1968,8,1
761,5112,16,1
762,5001,28,1
763,5624,538,-1
764,704,49,3
765,1740,92,1
766,3695,71,1
767,3800,49,1
768,3943,149,1
769,2164,17,-1
770,4735,8,1
771,2254,48,1
772,2767,25,1
773,3150,12,1
774,350,24,3
775,3562,94,1
776,3246,36,1
777,5039,28,4
778,1502,5,1
779,5191,447,1
780,4279,20,1
781,3562,25,1
782,1903,20,2
783,5067,416,2
784,5387,419,1
785,2556,173,1
786,4947,481,2
787,5494,523,-1
788,5067,36,2
789,2006,254,3
790,2739,13,1
791,2495,226,1
792,4556,8,1
793,5077,434,1
794,688,125,1
795,5144,416,3
796,3667,157,1
797,5073,16,2
798,5264,28,1
799,3374,48,1
800,5480,513,-1
801,4946,441,2
802,4021,5,3
803,5565,525,-1
804,2905,225,1
805,4317,36,3
806,5081,16,1
807,1195,24,2
808,5124,28,1
809,4312,212,1
810,5403,502,-1
811,5067,16,2
812,5268,458,1
813,3621,370,1
814,1338,25,1
815,2551,4,1
816,3799,13,1
817,4420,12,-1
818,5249,432,1
819,761,9,1
820,5122,36,2
821,3013,13,-1
822,3630,208,1
823,1070,5,1
824,3838,36,1
825,3504,71,2
826,4903,16,1
827,5159,429,1
828,5181,459,1
829,4611,295,1
830,1714,49,3
831,5387,16,1
832,3143,51,1
833,1388,36,-1
834,3993,14,5
835,5427,496,-1
836,4896,16,2
837,631,217,1
838,5337,16,4
839,760,17,2
840,2009,9,1
841,4583,27,1
842,2317,8,1
843,716,51,1
844,1483,80,3
845,4907,16,3
846,4284,49,1
847,1740,36,1
848,3070,132,3
849,893,20,1
850,3179,152,1
851,5147,486,1
852,1252,8,1
853,1685,25,2
854,431,12,-1
855,4882,494,1
856,4983,475,2
857,4150,25,2
858,473,19,1
859,712,8,2
860,984,12,-1
861,919,24,2
862,3864,17,2
863,5935,546,-1
864,1562,125,3
865,28,4,3
866,1677,203,1
867,3296,49,1
868,4821,14,2
869,3315,123,3
870,4044,20,1
871,5349,16,3
872,4653,8,1
873,5303,16,1
874,5082,417,1
875,979,27,1
876,3289,295,1
877,1660,13,3
878,3740,176,-1
879,2869,385,1
880,3953,36,1
881,3418,8,1
882,1875,49,1
883,2558,327,2
884,5288,425,2
885,4440,5,1
886,5372,434,1
887,5032,28,1
888,4139,357,1
889,4725,11,3
890,2902,8,1
891,224,17,-1
892,3186,344,3
893,5035,434,1
894,5178,424,1
895,5435,503,-1
896,5008,425,3
897,4303,48,1
898,2637,8,1
899,1158,52,1
900,1094,49,1
901,4041,105,3
902,4867,8,1
903,577,93,1
904,1618,17,1
905,1387,25,1
906,2323,48,1
907,3721,25,2
908,541,133,2
909,4941,414,2
910,3514,157,1
911,1875,48,1
912,3070,20,3
913,1668,9,5
914,5063,28,1
915,1487,9,1
916,2029,9,1
917,2907,48,3
918,4424,20,2
919,5179,424,1
920,5346,416,1
921,1387,176,1
922,5176,425,1
923,1018,49,3
924,5006,414,2
925,5549,349,-1
926,4573,8,1
927,1880,17,-1
928,1837,5,1
929,5053,36,2
930,1850,205,1
931,3823,159,1
932,2501,92,-1
933,5175,429,2
934,1453,49,3
935,5184,416,1
936,3179,8,1
937,688,49,1
938,2739,20,1
939,1074,16,1
940,1070,4,1
941,3200,8,1
942,5215,422,3
943,308,15,1
944,1219,113,2
945,3148,36,5
946,1207,4,3
947,5186,420,1
948,147,13,-1
949,4323,36,1
950,2923,14,1
951,3533,16,1
952,5276,422,3
953,837,4,1
954,1383,14,-1
955,4242,17,1
956,4611,48,1
957,5126,16,1
958,4914,16,2
959,1198,12,1
960,5409,499,-1
961,4266,8,1
962,4879,428,1
963,5073,437,2
964,4424,16,2
965,436,177,1
966,5473,513,-1
967,2916,103,3
968,1528,67,1
969,3285,15,1
970,1723,298,1
971,832,103,1
972,3057,308,1
973,4745,4,1
974,2646,66,2
975,4860,36,-1
976,5359,142,1
977,5059,492,3
978,3667,12,1
979,603,78,1
980,4138,17,1
981,5088,417,1
982,21,16,2
983,3000,135,3
984,4903,419,1
985,3428,290,1
986,4936,419,1
987,4006,24,3
988,277,36,-1
989,527,16,1
990,1562,49,3
991,1655,13,1
992,1144,16,1
993,2650,105,1
994,491,92,-1
995,5157,488,3
996,862,17,1
997,719,9,1
998,2083,205,1
999,49,59,1
1000,1561,8,1
1001,2869,8,1
1002,1767,108,1
1003,5917,545,-1
1004,5117,425,2
1005,2316,36,1
1006,2359,293,2
1007,2866,245,2
1008,5305,472,3
1009,5296,425,2
1010,5280,429,3
1011,712,9,2
1012,2077,24,2
1013,1426,24,2
1014,4983,36,2
1015,1750,2,2
1016,2168,25,1
1017,5224,28,3
1018,5062,16,4
1019,1388,78,-1
1020,3627,12,1
1021,1896,314,1
1022,1038,30,1
1023,4399,297,1
1024,4829,36,-1
1025,4946,434,2
1026,1679,15,-1
1027,5374,436,1
1028,4175,178,3
1029,4468,19,2
1030,2099,25,2
1031,2372,8,1
1032,5546,525,-1
1033,4807,13,1
1034,944,248,2
1035,2619,194,1
1036,4594,403,1
1037,2488,48,1
1038,2767,16,1
1039,1539,172,1
1040,4992,425,1
1041,541,20,2
1042,3412,19,2
1043,3759,239,1
1044,1718,25,2
1045,3730,127,1
1046,2716,24,3
1047,1798,2,2
1048,1761,300,3
1049,1699,8,1
1050,4240,48,1
1051,4448,16,1
1052,1755,139,3
1053,4550,5,1
1054,3986,8,3
1055,1374,25,1
1056,5400,497,-1
1057,3463,217,1
1058,487,16,2
1059,3830,4,1
1060,4957,416,1
1061,882,9,2
1062,5577,524,-1
1063,4322,12,-1
1064,4694,5,1
1065,4916,422,1
1066,760,240,2
1067,614,122,3
1068,3993,44,5
1069,1296,48,1
1070,5250,28,1
1071,5128,430,1
1072,2095,271,-1
1073,4322,16,-1
1074,4970,422,1
1075,4033,16,1
1076,5104,433,2
1077,3350,24,2
1078,1142,277,1
1079,2716,25,3
1080,4439,12,3
1081,703,24,2
1082,4867,356,1
1083,2408,17,4
1084,2591,48,3
1085,311,5,1
1086,787,9,1
1087,5045,417,1
1088,5283,419,2
1089,3988,64,2
1090,3886,8,1
1091,1547,9,1
1092,960,11,3
1093,5487,524,-1
1094,5565,524,-1
1095,3751,259,2
1096,1281,48,3
1097,5627,513,-1
1098,4765,17,1
1099,2365,24,3
1100,1281,145,3
1101,4752,131,1
1102,1403,36,1
1103,2733,119,1
1104,2108,9,1
1105,3246,20,1
1106,3303,20,1
1107,964,9,1
1108,5134,428,1
1109,3504,20,2
1110,5123,28,1
1111,773,49,1
1112,434,9,1
1113,5298,434,3
1114,1767,8,1
1115,2212,49,1
1116,839,17,1
1117,5163,425,1
1118,2010,4,1
1119,1668,8,5
1120,4323,13,1
1121,5596,535,-1
1122,4872,96,2
1123,3679,8,1
1124,5254,437,1
1125,4564,142,3
1126,884,8,1
1127,2607,13,3
1128,3778,48,3
1129,1565,13,-1
1130,2083,205,1
1131,2136,8,3
1132,4711,110,1
1133,4565,78,-1
1134,962,5,3
1135,4039,17,1
1136,902,27,1
1137,1880,12,-1
1138,603,175,1
1139,5084,36,2
1140,1417,17,-1
1141,1387,16,1
1142,5438,506,-1
1143,5050,16,2
1144,2360,17,1
1145,928,13,3
1146,4980,416,1
1147,3900,8,1
1148,1620,302,1
1149,1746,78,1
1150,2411,48,3
1151,1723,9,1
1152,3930,185,1
1153,839,16,1
1154,5269,424,1
1155,4410,278,1
1156,4874,16,2
1157,4661,5,1
1158,3836,12,1
1159,5133,483,4
1160,3993,20,5
1161,2079,25,2
1162,4821,27,2
1163,410,8,5
1164,5458,531,-1
1165,3274,51,1
1166,5292,425,1
1167,5090,422,1
1168,1021,57,1
1169,3202,102,1
1170,4944,425,1
1171,4615,24,2
1172,2923,394,1
1173,718,4,1
1174,1210,11,1
1175,3299,25,1
1176,5110,464,1
1177,743,82,3
1178,3731,9,1
1179,1974,24,1
1180,2144,9,1
1181,1128,24,2
1182,5374,142,1
1183,830,23,3
1184,3593,19,2
1185,3770,87,1
1186,3482,15,1
1187,3836,17,1
1188,4139,9,1
1189,1645,19,2
1190,5053,419,2
1191,979,17,1
1192,4916,36,1
1193,1501,62,-1
1194,1258,24,1
1195,5223,16,2
1196,5500,523,-1
1197,3531,16,3
1198,5423,499,-1
1199,2918,45,3
1200,4423,142,1
1201,5295,36,2
1202,1952,48,1
1203,5147,422,1
1204,3641,12,1
1205,5198,420,2
1206,4026,8,1
1207,2463,293,1
1208,4339,9,1
1209,4885,419,3
1210,359,16,1
1211,5053,431,2
1212,5177,429,2
1213,5242,469,2
1214,5139,17,3
1215,2923,27,1
1216,3482,17,1
1217,1095,20,1
1218,5062,422,4
1219,5102,419,1
1220,813,8,1
1221,4401,48,1
1222,5252,16,2
1223,5252,432,2
1224,5439,503,-1
1225,5480,511,-1
1226,3239,25,2
1227,339,48,3
1228,4811,25,3
1229,1704,168,2
1230,1524,184,1
1231,5356,425,1
1232,3327,78,1
1233,1528,36,1
1234,4226,8,1
1235,1561,116,1
1236,4556,9,1
1237,3641,16,1
1238,4982,414,2
1239,4982,16,2
1240,5157,419,3
1241,3285,12,1
1242,5133,28,4
1243,4114,157,-1
1244,1264,9,1
1245,1804,48,3
1246,5377,428,1
1247,2584,17,2
1248,5385,416,2
1249,4956,422,1
1250,3419,24,1
1251,827,60,1
1252,2955,16,1
1253,5935,525,-1
1254,5072,16,1
1255,4399,48,1
1256,4906,425,1
1257,1325,19,2
1258,2923,13,1
1259,2095,8,-1
1260,5283,36,2
1261,5300,462,2
1262,4373,49,3
1263,4319,240,2
1264,21,35,2
1265,5290,414,2
1266,826,9,1
1267,21,17,2
1268,4829,24,-1
1269,2047,16,1
1270,853,251,2
1271,5034,443,2
1272,224,15,-1
1273,2313,9,1
1274,2494,4,1
1275,5380,422,2
1276,1074,275,1
1277,1309,9,1
1278,5198,28,2
1279,2321,27,2
1280,2974,48,3
1281,5297,428,1
1282,5181,424,1
1283,1036,8,1
1284,2774,107,1
1285,5501,524,-1
1286,1685,95,2
1287,1289,8,1
1288,5236,453,1
1289,5655,541,-1
1290,2584,72,2
1291,5213,416,1
1292,4892,433,2
1293,716,16,1
1294,3384,17,-1
1295,893,27,1
1296,4872,24,2
1297,960,67,3
1298,3037,297,1
1299,1036,9,1
1300,5373,414,2
1301,614,25,3
1302,2005,49,3
1303,3239,211,2
1304,4319,20,2
1305,1210,16,1
1306,400,4,3
1307,1790,308,1
1308,1694,269,1
1309,3677,8,2
1310,5026,28,3
1311,5269,414,1
1312,5272,416,1
1313,1244,9,2
1314,5084,440,2
1315,5305,17,3
1316,3312,13,2
1317,3491,17,1
1318,4319,13,2
1319,5165,429,3
1320,4550,4,1
1321,4067,45,3
1322,2554,17,2
1323,4361,8,1
1324,4860,92,-1
1325,1383,24,-1
1326,4028,16,2
1327,1033,20,1
1328,1281,49,3
1329,4401,49,1
1330,3266,25,3
1331,2351,25,1
1332,1157,48,1
1333,599,36,1
1334,4878,420,1
1335,5091,427,3
1336,2607,19,3
1337,3351,20,1
1338,2501,16,-1
1339,5215,16,3
1340,4611,49,1
1341,5677,518,-1
1342,1778,24,2
1343,5134,420,1
1344,5918,524,-1
1345,2952,67,3
1346,2407,12,-1
1347,1117,25,2
1348,1388,77,-1
1349,1758,207,1
1350,2003,24,2
1351,5575,525,-1
1352,4546,49,5
1353,4067,24,3
1354,277,157,-1
1355,2421,23,3
1356,3021,8,1
1357,3086,36,1
1358,5276,433,3
1359,3839,380,-1
1360,5019,426,1
1361,4954,422,1
1362,3900,262,1
1363,5024,28,1
1364,2180,13,2
1365,1541,20,1
1366,3654,320,1
1367,5037,16,1
1368,3062,20,2
1369,3150,16,1
1370,2558,25,2
1371,2637,9,1
1372,4482,242,5
1373,4446,16,1
1374,1574,194,1
1375,4123,49,3
1376,1962,9,1
1377,527,36,1
1378,4896,425,2
1379,4896,36,2
1380,4930,451,2
1381,5059,425,3
1382,4653,9,1
1383,4919,16,1
1384,4930,28,2
1385,1441,16,-1
1386,2701,48,1
1387,5058,425,1
1388,4745,280,1
1389,3391,48,1
1390,1746,36,1
1391,4785,24,2
1392,5178,28,1
1393,369,16,1
1394,956,93,3
1395,5340,475,2
1396,278,4,1
1397,4750,17,3
1398,5080,433,1
1399,4189,175,1
1400,1038,17,1
1401,2429,24,2
1402,5917,525,-1
1403,1703,8,1
1404,3641,17,1
1405,826,9,1
1406,1717,36,3
1407,2907,49,3
1408,5156,17,3
1409,5059,17,3
1410,4278,14,2
1411,4903,440,1
1412,2702,113,2
1413,1519,276,-1
1414,1595,9,1
1415,4189,78,1
1416,953,16,-1
1417,3490,5,1
1418,1736,13,3
1419,5002,433,1
1420,5809,542,-1
1421,306,385,2
1422,1451,67,1
1423,5198,420,2
1424,4028,19,2
1425,699,14,1
1426,1021,9,1
1427,919,122,2
1428,274,95,2
1429,1750,8,2
1430,3215,9,3
1431,2207,16,1
1432,1618,25,1
1433,5507,526,-1
1434,5377,485,1
1435,288,140,1
1436,3086,13,1
1437,3209,9,1
1438,4220,8,1
1439,5156,422,3
1440,4575,5,3
1441,2445,8,1
1442,210,12,1
1443,3062,71,2
1444,839,20,1
1445,3836,11,1
1446,4982,452,2
1447,4583,13,1
1448,5333,419,2
1449,1598,8,1
1450,4210,4,1
1451,862,98,1
1452,960,36,3
1453,4970,16,1
1454,5259,36,1
1455,3852,16,1
1456,4954,28,1
1457,5315,16,1
1458,1723,8,1
1459,5063,416,1
1460,4039,12,1
1461,5506,524,-1
1462,3482,12,1
1463,3924,9,1
1464,3350,169,2
1465,335,85,1
1466,4167,48,1
1467,3392,36,-1
1468,5494,525,-1
1469,3274,97,1
1470,473,36,1
1471,5577,525,-1
1472,2391,48,3
1473,1624,172,1
1474,5191,16,1
1475,1404,13,1
1476,1078,48,1
1477,2973,71,3
1478,5180,17,2
1479,5072,433,1
1480,1453,90,3
1481,710,25,1
1482,2490,24,1
1483,3078,8,1
1484,4957,438,1
1485,4110,17,1
1486,5072,422,1
1487,3126,86,1
1488,5339,433,2
1489,5382,463,2
1490,1296,49,1
1491,688,48,1
1492,3285,17,1
1493,1033,19,1
1494,3491,51,1
1495,5151,481,2
1496,1655,147,1
1497,1666,5,3
1498,2421,24,3
1499,3577,11,-1
1500,629,36,-1
1501,2438,8,1
1502,1242,8,1
1503,235,9,1
1504,5299,16,1
1505,1801,13,-1
1506,2286,24,3
1507,4319,17,2
1508,5439,541,-1
1509,3679,9,1
1510,21,19,2
1511,5180,433,2
1512,2372,9,1
1513,5500,524,-1
1514,1031,51,-1
1515,4919,438,1
1516,3577,12,-1
1517,4440,4,1
1518,1129,12,1
1519,4175,8,3
1520,1095,13,1
1521,2936,362,2
1522,473,20,1
1523,1911,17,1
1524,400,5,3
1525,5527,524,-1
1526,3148,30,5
1527,5487,523,-1
1528,2123,24,2
1529,2936,25,2
1530,5711,542,-1
1531,1522,24,2
1532,1258,25,1
1533,1620,4,1
1534,5249,419,1
1535,4520,280,1
1536,1786,134,1
1537,4811,24,3
1538,2180,12,2
1539,5090,28,1
1540,1983,17,1
1541,1169,36,1
1542,5193,416,2
1543,2772,16,1
1544,5205,459,1
1545,3531,14,3
1546,4284,48,1
1547,3447,48,3
1548,5052,433,2
1549,1885,117,1
1550,5148,449,2
1551,882,8,2
1552,4564,20,3
1553,5330,483,4
1554,3112,154,2
1555,1595,33,1
1556,1776,90,1
1557,1944,8,1
1558,5389,425,1
1559,2372,103,1
1560,5033,425,1
1561,1117,248,2
1562,3363,205,1
1563,1403,16,1
1564,1684,25,2
1565,1777,205,1
1566,5577,533,-1
1567,4453,20,1
1568,2476,300,1
1569,3164,23,3
1570,1679,12,-1
1571,935,4,1
1572,3223,24,-1
1573,3491,16,1
1574,3695,16,1
1575,1994,199,1
1576,1375,57,1
1577,2006,48,3
1578,704,48,3
1579,2307,1,2
1580,1505,51,1
1581,917,181,3
1582,1288,48,3
1583,5052,422,2
1584,3875,300,-1
1585,5362,485,1
1586,1968,9,1
1587,5293,480,3
1588,1642,233,1
1589,3782,24,2
1590,1699,9,1
1591,4184,8,1
1592,2549,49,1
1593,1318,369,1
1594,5024,16,1
1595,3899,175,-1
1596,2988,49,3
1597,1689,105,2
1598,3497,323,1
1599,4949,425,1
1600,2003,25,2
1601,3751,20,2
1602,5935,524,-1
1603,5070,16,2
1604,249,19,2
1605,4949,28,1
1606,2846,25,1
1607,5335,442,1
1608,1850,9,1
1609,2410,120,1
1610,782,94,2
1611,3089,8,1
1612,5026,441,3
1613,3186,5,3
1614,5346,36,1
1615,5929,525,-1
1616,1714,48,3
1617,5124,420,1
1618,5538,525,-1
1619,2721,17,3
1620,5546,531,-1
1621,2079,268,2
1622,5134,16,1
1623,839,27,1
1624,1960,24,2
1625,1598,334,1
1626,1471,277,1
1627,1528,11,1
1628,3178,2,2
1629,4924,16,2
1630,5215,433,3
1631,5072,445,1
1632,2687,9,1
1633,5911,525,-1
1634,2548,184,1
1635,3770,36,1
1636,3013,30,-1
1637,2297,48,1
1638,3514,12,1
1639,2774,8,1
1640,5528,530,-1
1641,5320,417,1
1642,4247,14,3
1643,5132,434,2
1644,1971,13,2
1645,4516,387,1
1646,359,20,1
1647,1580,12,1
1648,1389,9,2
1649,5144,443,3
1650,5053,425,2
1651,2464,278,1
1652,3276,67,3
1653,4970,470,1
1654,1145,243,1
1655,3062,14,2
1656,4207,49,3
1657,1005,33,1
1658,5081,425,1
1659,5315,425,1
1660,519,36,1
1661,5249,28,1
1662,5533,525,-1
1663,824,36,1
1664,5723,543,-1
1665,4301,9,1
1666,2744,14,3
1667,2064,15,1
1668,882,33,2
1669,1309,8,1
1670,3462,8,1
1671,4944,28,1
1672,656,16,1
1673,2329,51,1
1674,5295,425,2
1675,2747,24,2
1676,3740,51,-1
1677,3667,30,1
1678,5073,36,2
1679,4338,17,2
1680,1660,112,3
1681,953,86,-1
1682,4978,425,1
1683,3323,176,1
1684,3333,281,1
1685,28,43,3
1686,4993,16,3
1687,4807,27,1
1688,2570,49,3
1689,4247,19,3
1690,1484,25,1
1691,4583,20,1
1692,4167,295,1
1693,5246,442,1
1694,3597,4,3
1695,4453,26,1
1696,5223,419,2
1697,1541,13,1
1698,5246,16,1
1699,4681,251,2
1700,3468,12,1
1701,1642,25,1
1702,3234,20,1
1703,4323,12,1
1704,1033,17,1
1705,3131,8,1
1706,527,12,1
1707,2448,366,3
1708,5071,458,2
1709,5360,487,1
1710,2108,164,1
1711,1366,5,1
1712,4094,409,1
1713,4564,27,3
1714,431,11,-1
1715,5099,28,1
1716,350,105,3
1717,1310,16,2
1718,1145,78,1
1719,2759,8,1
1720,1998,12,1
1721,1749,16,1
1722,147,68,-1
1723,4122,24,3
1724,1033,104,1
1725,3312,19,2
1726,3922,24,2
1727,2095,2,-1
1728,674,9,2
1729,4424,19,2
1730,2317,9,1
1731,4971,424,1
1732,1580,36,1
1733,4978,419,1
1734,5566,525,-1
1735,991,4,1
1736,1875,198,1
1737,2584,16,2
1738,5382,429,2
1739,198,9,1
1740,5372,28,1
1741,3839,16,-1
1742,541,13,2
1743,4784,4,1
1744,5480,512,-1
1745,4059,14,3
1746,4957,28,1
1747,2480,8,1
1748,1483,49,3
1749,5282,424,2
1750,5147,142,1
1751,5276,16,3
1752,1471,17,1
1753,752,215,1
1754,2092,49,3
1755,4226,334,1
1756,989,5,1
1757,4955,16,1
1758,2393,375,1
1759,5021,477,2
1760,767,25,3
1761,5389,432,1
1762,3667,17,1
1763,5389,16,1
1764,2006,49,3
1765,4025,206,3
1766,4301,8,1
1767,3075,16,1
1768,1903,17,2
1769,2008,48,3
1770,5198,437,2
1771,760,20,2
1772,5258,427,3
1773,4956,16,1
1774,3746,12,-1
1775,4992,28,1
1776,1038,157,1
1777,1338,24,1
1778,4338,20,2
1779,4980,434,1
1780,4524,108,1
1781,5205,424,1
1782,2980,51,1
1783,2307,66,2
1784,2418,325,1
1785,5292,417,1
1786,3089,168,1
1787,2667,4,1
1788,5154,463,2
1789,902,230,1
1790,1522,25,2
1791,1453,48,3
1792,1090,271,1
1793,5584,524,-1
1794,3096,8,3
1795,5002,422,1
1796,1734,136,3
1797,5434,497,-1
1798,2957,25,2
1799,2465,135,3
1800,1344,309,3
1801,1655,216,1
1802,3812,353,3
1803,5062,36,4
1804,4698,182,1
1805,3903,12,1
1806,369,18,1
1807,1646,308,2
1808,930,9,1
1809,4062,12,1
1810,3620,19,2
1811,5049,425,1
1812,767,105,3
1813,2143,8,1
1814,353,155,-1
1815,1095,17,1
1816,2488,49,1
1817,4397,9,1
1818,5072,28,1
1819,5337,425,4
1820,5723,542,-1
1821,1278,296,1
1822,4346,45,2
1823,2690,5,3
1824,4924,416,2
1825,3131,9,1
1826,3150,17,1
1827,2090,359,1
1828,5176,478,1
1829,1619,24,1
1830,5033,16,1
1831,2099,24,2
1832,1621,49,1
1833,1438,75,1
1834,4026,9,1
1835,2958,344,3
1836,2464,8,1
1837,454,49,1
1838,5154,416,2
1839,2307,226,2
1840,2772,36,1
1841,4033,11,1
1842,1984,347,1
1843,5383,16,3
1844,1008,5,3
1845,2607,17,3
1846,5392,477,2
1847,2360,11,1
1848,3379,16,1
1849,3855,17,3
1850,4327,11,-1
1851,3075,17,1
1852,1129,77,1
1853,4227,378,1
1854,2208,25,2
1855,1811,9,1
1856,2159,9,1
1857,303,8,1
1858,4978,454,1
1859,4896,417,2
1860,4875,142,1
1861,3523,66,2
1862,5670,542,-1
1863,5154,36,2
1864,5178,16,1
1865,1231,17,1
1866,5021,16,2
1867,3930,17,1
1868,1755,8,3
1869,3899,13,-1
1870,23,9,1
1871,4594,12,1
1872,3943,5,1
1873,5122,433,2
1874,3198,16,-1
1875,5283,142,2
1876,4062,67,1
1877,4084,8,1
1878,5385,434,2
1879,3848,122,3
1880,1562,48,3
1881,1461,287,2
1882,4175,9,3
1883,577,16,1
1884,5451,542,-1
1885,4317,13,3
1886,1152,144,2
1887,2766,373,1
1888,5295,16,2
1889,4420,11,-1
1890,2606,8,1
1891,1087,192,2
1892,4967,28,1
1893,3695,19,1
1894,4955,487,1
1895,902,20,1
1896,4600,283,1
1897,2321,16,2
1898,5156,433,3
1899,1776,48,1
1900,5033,419,1
1901,5001,433,1
1902,537,25,2
1903,2297,49,1
1904,2490,25,1
1905,2123,68,2
1906,2475,331,2
1907,4546,235,5
1908,4765,93,1
1909,4085,8,1
1910,924,121,2
1911,4785,188,2
1912,1392,51,1
1913,3620,98,2
1914,5931,524,-1
1915,5116,428,1
1916,2005,48,3
1917,2463,17,1
1918,3837,12,1
1919,3129,36,3
1920,5290,36,2
1921,5258,17,3
1922,4954,433,1
1923,2584,19,2
1924,3667,16,1
1925,3013,12,-1
1926,5280,36,3
1927,3545,57,1
1928,1414,189,2
1929,2438,376,1
1930,2884,25,2
1931,3057,25,1
1932,5151,36,2
1933,5198,437,2
1934,1655,36,1
1935,3213,9,1
1936,2494,288,1
1937,1761,12,3
1938,4923,142,1
1939,5026,425,3
1940,5224,16,3
1941,4189,36,1
1942,3823,9,1
1943,3740,36,-1
1944,5189,422,1
1945,1124,24,2
1946,4373,200,3
1947,5193,463,2
1948,5147,433,1
1949,4987,36,2
1950,4433,9,3
1951,984,17,-1
1952,1489,36,-1
1953,5528,525,-1
1954,1758,48,1
1955,1718,327,2
1956,5406,499,-1
1957,1515,25,1
1958,4959,469,2
1959,1761,36,3
1960,4468,17,2
1961,5313,418,1
1962,1074,19,1
1963,5186,28,1
1964,5316,420,3
1965,5083,142,2
1966,5314,439,2
1967,4229,27,1
1968,5305,434,3
1969,4874,474,2
1970,1278,48,1
1971,3511,16,1
1972,1106,116,1
1973,1831,57,1
1974,3148,12,5
1975,884,9,1
1976,3217,5,1
1977,2973,16,3
1978,5268,142,1
1979,4653,60,1
1980,2090,4,1
1981,1471,13,1
1982,5082,464,1
1983,3595,115,3
1984,638,219,1
1985,3126,85,1
1986,5039,414,4
1987,2373,197,1
1988,1242,273,1
1989,5099,451,1
1990,4529,5,1
1991,537,24,2
1992,5282,142,2
1993,2379,347,1
1994,4284,206,1
1995,491,13,-1
1996,527,155,1
1997,635,148,1
1998,5411,496,-1
1999,5377,28,1
2000,5298,16,3
2001,3323,36,1
2002,4025,48,3
2003,3864,16,2
2004,5272,28,1
2005,5187,424,2
2006,5175,419,2
2007,1853,48,1
2008,312,149,1
2009,4468,20,2
2010,1801,36,-1
2011,4980,28,1
2012,5550,531,-1
2013,5062,433,4
2014,2373,16,1
2015,4433,8,3
2016,1666,167,3
2017,303,103,1
2018,4745,5,1
2019,5001,453,1
2020,2721,20,3
2021,1417,243,-1
2022,761,8,1
2023,826,204,1
2024,894,4,1
2025,984,15,-1
2026,2445,9,1
2027,5091,17,3
2028,5245,36,2
2029,5360,28,1
2030,4929,16,1
2031,1404,12,1
2032,97,5,1
2033,5406,497,-1
2034,4328,75,1
2035,3609,27,1
2036,5176,16,1
2037,991,5,1
2038,362,48,3
2039,3531,20,3
2040,5409,498,-1
2041,1470,25,3
2042,5088,425,1
2043,2329,13,1
2044,5514,525,-1
2045,5063,474,1
2046,1952,295,1
2047,1804,74,3
2048,3208,25,1
2049,953,85,-1
2050,4400,268,2
2051,3294,24,2
2052,2692,24,2
2053,5177,36,2
2054,491,93,-1
2055,3047,376,1
2056,5187,414,2
2057,3351,14,1
2058,2619,5,1
2059,1837,4,1
2060,5232,16,2
2061,5320,36,1
2062,5230,439,1
2063,2182,24,2
2064,3333,8,1
2065,2893,81,3
2066,1591,186,2
2067,1038,12,1
2068,5501,526,-1
2069,4845,8,1
2070,5932,525,-1
2071,2151,245,2
2072,4344,48,1
2073,1094,48,1
2074,2182,25,2
2075,5597,525,-1
2076,920,187,1
2077,5426,498,-1
2078,4044,17,1
2079,830,24,3
2080,767,24,3
2081,760,13,2
2082,5154,16,2
2083,5543,531,-1
2084,1378,166,1
2085,2868,9,1
2086,4516,4,1
2087,703,25,2
2088,1523,201,1
2089,4453,17,1
2090,1223,8,1
2091,5288,36,2
2092,1106,8,1
2093,3062,19,2
2094,5620,513,-1
2095,5362,16,1
2096,4006,25,3
2097,547,36,1
2098,311,4,1
2099,5359,415,1
2100,5061,36,2
2101,3943,4,1
2102,4887,28,1
2103,3468,17,1
2104,5380,36,2
2105,4420,36,-1
2106,1489,25,-1
2107,5256,467,1
2108,2077,25,2
2109,4303,339,1
2110,3759,8,1
2111,3886,392,1
2112,4242,27,1
2113,956,12,3
2114,4081,24,3
2115,752,5,1
2116,2880,8,1
2117,5576,524,-1
2118,5245,16,2
2119,1168,169,2
2120,1146,266,1
2121,5069,36,2
2122,3208,24,1
2123,2475,8,2
2124,3150,15,1
2125,3388,27,1
2126,5380,465,2
2127,5264,16,1
2128,235,8,1
2129,5245,495,2
2130,4727,247,2
2131,1230,48,1
2132,4916,453,1
2133,4821,13,2
2134,1911,20,1
2135,5085,416,1
2136,3988,2,2
2137,2969,203,1
2138,5366,16,1
2139,4929,428,1
2140,5578,542,-1
2141,1321,274,3
2142,1031,25,-1
2143,862,13,1
2144,4892,16,2
2145,2029,282,1
2146,1465,25,1
2147,5232,429,2
2148,5592,542,-1
2149,349,3,1
2150,5281,16,2
2151,2646,273,2
2152,3953,16,1
2153,3654,8,1
2154,2411,289,3
2155,3143,16,1
2156,4317,93,3
2157,3577,16,-1
2158,5276,36,3
2159,3645,5,1
2160,2309,185,1
2161,4904,16,1
2162,3645,244,1
2163,4482,19,5
2164,1803,25,3
2165,1853,110,1
2166,1803,13,3
2167,5359,422,1
2168,2535,16,-1
2169,3511,36,1
2170,4807,20,1
2171,818,48,1
2172,962,190,3
2173,5921,545,-1
2174,1008,4,3
2175,1087,5,2
2176,2958,4,3
2177,1541,17,1
2178,5290,16,2
2179,2286,25,3
2180,4150,105,2
2181,3514,30,1
2182,1717,24,3
2183,3198,17,-1
2184,4039,16,1
2185,4680,9,3
2186,994,61,2
2187,5099,422,1
2188,4039,30,1
2189,2041,24,3
2190,1727,27,1
2191,1028,9,1
2192,3265,19,2
2193,4317,92,3
2194,5024,16,1
2195,5513,523,-1
2196,3323,16,1
2197,2561,188,2
2198,4944,432,1
2199,1617,8,1
2200,5931,525,-1
2201,3609,13,1
2202,4981,425,1
2203,1484,312,1
2204,2510,61,2
2205,2011,48,1
2206,5133,425,4
2207,2545,16,2
2208,4086,4,3
2209,4439,17,3
2210,1217,5,3
2211,1942,49,3
2212,5506,525,-1
2213,2359,27,2
2214,5245,419,2
2215,5473,518,-1
2216,5359,28,1
2217,5254,420,1
2218,4278,104,2
2219,4044,16,1
2220,2047,36,1
2221,5180,422,2
2222,3379,11,1
2223,793,244,1
2224,4322,157,-1
2225,5303,424,1
2226,1144,17,1
2227,1944,9,1
2228,306,9,2
2229,2463,27,1
2230,5077,28,1
2231,2980,16,1
2232,3497,5,1
2233,5203,448,3
2234,4482,20,5
2235,5521,524,-1
2236,4042,16,1
2237,2476,78,1
2238,5118,414,2
2239,4834,16,1
2240,4081,25,3
2241,603,13,1
2242,2297,81,1
2243,2408,16,4
2244,5279,484,2
2245,4904,419,1
2246,1574,5,1
2247,3452,9,1
2248,1987,11,1
2249,5558,524,-1
2250,2687,108,1
2251,2047,87,1
2252,2213,24,2
2253,2964,121,-1
2254,5179,414,1
2255,5339,36,2
2256,631,9,1
2257,5684,518,-1
2258,2535,11,-1
2259,4930,433,2
2260,2905,5,1
2261,3805,12,-1
2262,2738,9,1
2263,862,98,1
2264,2717,5,1
2265,3412,20,2
2266,3583,25,4
2267,3384,15,-1
2268,5230,28,1
2269,5037,28,1
2270,4266,9,1
2271,2351,362,1
2272,4944,419,1
2273,1857,169,2
2274,4992,492,1
2275,5178,468,1
2276,1704,9,2
2277,1244,7,2
2278,1885,9,1
2279,312,5,1
2280,5259,16,1
2281,2444,162,1
2282,5313,28,1
2283,1231,272,1
2284,4661,314,1
2285,4936,431,1
2286,5021,425,2
2287,4454,249,1
2288,4955,425,1
2289,5297,16,1
2290,5320,494,1
2291,487,27,2
2292,3681,225,1
2293,4694,4,1
2294,3198,24,-1
2295,5069,416,2
2296,2724,25,2
2297,198,120,1
2298,249,17,2
2299,3274,17,1
2300,5366,28,1
2301,1225,25,1
2302,5281,416,2
2303,5144,17,3
2304,5136,414,2
2305,793,5,1
2306,1318,4,1
2307,4139,8,1
2308,3129,12,3
2309,1561,116,1
2310,674,60,2
2311,5653,542,-1
2312,3265,138,2
2313,5575,524,-1
2314,2388,8,1
2315,3078,9,1
2316,3121,13,4
2317,5215,17,3
2318,4183,11,3
2319,3447,201,3
2320,5525,525,-1
2321,3504,19,2
2322,3126,87,1
2323,5118,459,2
2324,1388,13,-1
2325,3778,368,3
2326,5232,419,2
2327,2561,25,2
2328,1561,9,1
2329,1717,25,3
2330,2407,13,-1
2331,1980,193,3
2332,5268,422,1
2333,4485,12,1
2334,5090,423,1
2335,3988,8,2
2336,235,103,1
2337,3202,5,1
2338,5594,534,-1
2339,1417,13,-1
2340,5411,499,-1
2341,4475,25,2
2342,5001,142,1
2343,5593,524,-1
2344,5006,424,2
2345,2407,30,-1
2346,3807,8,1
2347,4882,28,1
2348,1356,9,1
2349,5088,28,1
2350,2404,16,1
2351,4327,15,-1
2352,2143,9,1
2353,1197,9,1
2354,4968,16,2
2355,656,17,1
2356,3848,25,3
2357,5282,414,2
2358,1561,116,1
2359,3078,151,1
2360,5605,536,-1
2361,4887,438,1
2362,2180,332,2
2363,1591,9,2
2364,4028,71,2
2365,1764,8,3
2366,3627,365,1
2367,1223,229,1
2368,948,48,1
2369,4615,36,2
2370,3807,168,1
2371,893,16,1
2372,3852,220,1
2373,2360,15,1
2374,1746,12,1
2375,1831,9,1
2376,1515,24,1
2377,377,14,1
2378,5156,465,3
2379,1614,49,1
2380,1790,25,1
2381,232,4,3
2382,500,114,1
2383,3178,8,2
2384,4313,5,1
2385,1987,13,1
2386,5071,433,2
2387,892,5,1
2388,1253,113,2
2389,1942,48,3
2390,3778,49,3
2391,3595,8,3
2392,2404,36,1
2393,3418,9,1
2394,973,24,3
2395,1565,24,-1
2396,2774,9,1
2397,3782,25,2
2398,5227,415,1
2399,1586,9,1
2400,4114,12,-1
2401,5204,422,1
2402,2740,48,1
2403,4298,369,1
2404,4683,4,1
2405,2213,169,2
2406,4929,28,1
2407,1146,48,1
2408,5280,16,3
2409,4573,367,1
2410,1944,9,1
2411,5549,524,-1
2412,752,4,1
2413,1702,314,1
2414,832,8,1
2415,1321,25,3
2416,341,19,1
2417,1684,144,2
2418,1536,159,1
2419,3418,282,1
2420,1070,84,1
2421,5295,421,2
2422,1621,76,1
2423,603,12,1
2424,3993,13,5
2425,2008,49,3
2426,1764,115,3
2427,3374,49,1
2428,1602,204,1
2429,5006,435,2
2430,1619,274,1
2431,5362,428,1
2432,3737,9,1
2433,1021,8,1
2434,5159,36,1
2435,353,12,-1
2436,147,24,-1
2437,917,25,3
2438,249,83,2
2439,3082,157,-1
2440,2488,338,1
2441,5126,442,1
2442,1968,33,1
2443,209,84,1
2444,1169,62,1
2445,3838,87,1
2446,1857,24,2
2447,4167,49,1
2448,5008,16,3
2449,1850,4,1
2450,2407,17,-1
2451,5385,36,2
2452,4879,28,1
2453,1359,49,1
2454,5518,523,-1
2455,1980,4,3
2456,5035,28,1
2457,1727,20,1
2458,2475,9,2
2459,2606,159,1
2460,1960,25,2
2461,4401,378,1
2462,4924,443,2
2463,350,17,3
2464,4929,426,1
2465,5148,36,2
2466,4086,5,3
2467,4946,463,2
2468,4279,14,1
2469,924,36,2
2470,1880,121,-1
2471,5252,425,2
2472,2554,104,2
2473,5487,525,-1
2474,5102,16,1
2475,930,8,1
2476,5226,428,1
2477,1230,143,1
2478,3057,24,1
2479,3655,93,-1
2480,2607,104,3
2481,5063,16,1
2482,5002,470,1
2483,787,8,1
2484,2717,4,1
2485,4725,67,3
2486,3983,48,1
2487,487,17,2
2488,1528,12,1
2489,4448,12,1
2490,5418,505,2
2491,4885,429,3
2492,349,5,1
2493,5446,542,-1
2494,2980,36,1
2495,920,8,1
2496,5165,16,3
2497,5304,36,2
2498,4917,28,1
2499,5084,433,2
2500,4227,48,1
2501,5330,425,4
2502,2393,9,1
2503,1528,16,1
2504,2182,279,2
2505,5297,437,1
2506,4298,236,1
2507,2030,48,1
2508,3740,25,-1
2509,1801,12,-1
2510,519,11,1
2511,2128,14,1
2512,5314,419,2
2513,5236,433,1
2514,1474,152,1
2515,4220,9,1
2516,3075,27,1
2517,249,20,2
2518,4128,5,1
2519,2258,25,2
2520,4874,434,2
2521,1321,24,3
2522,2766,48,1
2523,635,147,1
2524,2293,81,3
2525,4485,11,1
2526,5339,422,2
2527,2958,5,3
2528,1207,286,3
2529,2180,11,2
2530,4894,427,2
2531,674,8,2
2532,1944,331,1
2533,2034,25,2
2534,4813,8,1
2535,4042,86,1
2536,5181,414,1
2537,5130,461,1
2538,3917,9,1
2539,537,82,2
2540,1350,24,2
2541,1004,24,3
2542,4946,36,2
2543,2410,8,1
2544,5588,525,-1
2545,5204,36,1
2546,5134,426,1
2547,1391,25,2
2548,1366,313,1
2549,473,124,1
2550,4496,115,3
2551,5228,36,2
2552,3823,8,1
2553,2083,4,1
2554,1144,20,1
2555,2789,193,3
2556,5299,28,1
2557,235,8,1
2558,5103,416,3
2559,1446,25,2
2560,4970,28,1
2561,2558,24,2
2562,5139,419,3
2563,1031,13,-1
2564,4903,17,1
2565,3946,178,1
2566,1618,13,1
2567,5502,525,-1
2568,5045,425,1
2569,5136,424,2
2570,1095,18,1
2571,1244,8,2
2572,2418,48,1
2573,5602,524,-1
2574,5330,28,4
2575,1198,112,1
2576,919,25,2
2577,2744,19,3
2578,4021,4,3
2579,1872,12,1
2580,5400,496,-1
2581,5259,427,1
2582,3826,25,2
2583,1122,19,1
2584,2229,4,1
2585,956,13,3
2586,5090,467,1
2587,3576,121,1
2588,4968,414,2
2589,5204,142,1
2590,2789,4,3
2591,4878,16,1
2592,944,24,2
2593,1332,201,3
2594,4583,272,1
2595,431,16,-1
2596,571,47,1
2597,2093,5,2
2598,1669,49,1
2599,3875,78,-1
2600,1197,8,1
2601,368,143,3
2602,1278,49,1
2603,4423,36,1
2604,70,4,1
2605,1971,132,2
2606,2973,17,3
2607,1561,8,1
2608,2328,9,1
2609,2164,12,-1
2610,1519,78,-1
2611,5382,424,2
2612,3312,17,2
2613,5080,16,1
2614,948,49,1
2615,5532,530,-1
2616,4338,16,2
2617,5305,16,3
2618,2260,20,3
2619,5269,16,1
2620,773,48,1
2621,2309,13,1
2622,1911,19,1
2623,210,13,1
2624,5037,428,1
2625,1288,136,3
2626,2173,8,1
2627,5675,542,-1
2628,4423,71,1
2629,4914,36,2
2630,5184,476,1
2631,5019,16,1
2632,3737,8,1
2633,1492,4,1
2634,4368,11,1
2635,2952,12,3
2636,5911,524,-1
2637,5071,36,2
2638,4437,197,1
2639,5558,531,-1
2640,4956,433,1
2641,4042,36,1
2642,3363,4,1
2643,4885,427,3
2644,129,49,3
2645,3426,4,1
2646,1872,15,1
2647,5316,28,3
2648,3468,16,1
2649,403,96,3
2650,5032,424,1
2651,1461,4,2
2652,4917,420,1
2653,2916,9,3
2654,4184,331,1
2655,3930,13,1
2656,5346,476,1
2657,3695,17,1
2658,5596,524,-1
2659,1399,8,2
2660,2213,25,2
2661,3047,8,1
2662,4122,25,3
2663,5696,541,-1
2664,973,25,3
2665,2432,8,1
2666,3899,78,-1
2667,5373,423,2
2668,1617,232,1
2669,3462,284,1
2670,2969,8,1
2671,4322,17,-1
2672,1580,11,1
2673,1987,17,1
2674,5080,28,1
2675,3695,20,1
2676,4138,16,1
2677,4752,369,1
2678,4845,291,1
2679,4041,21,3
2680,4971,436,1
2681,5363,16,1
2682,3879,8,1
2683,2476,13,1
2684,2540,19,3
2685,39,25,-1
2686,4229,17,1
2687,1676,48,1
2688,1169,25,1
2689,3903,11,1
2690,3265,20,2
2691,5080,422,1
2692,5411,505,-1
2693,1801,175,-1
2694,3903,17,1
2695,4919,434,1
2696,5136,475,2
2697,2551,194,1
2698,3655,36,-1
2699,2984,253,3
2700,2918,25,3
2701,4947,36,2
2702,5032,436,1
2703,1106,9,1
2704,147,25,-1
2705,1685,24,2
2706,277,11,-1
2707,3336,9,1
2708,1604,369,1
2709,1561,116,1
2710,3522,386,3
2711,4680,375,3
2712,4273,4,3
2713,3101,11,3
2714,2114,25,2
2715,2893,49,3
2716,1169,51,1
2717,824,16,1
2718,4681,5,2
2719,3265,13,2
2720,5264,432,1
2721,2001,9,1
2722,5553,531,-1
2723,2084,8,1
2724,436,9,1
2725,2316,147,1
2726,5520,528,-1
2727,4639,253,3
2728,3121,98,4
2729,781,19,1
2730,5077,438,1
2731,4410,8,1
2732,3351,16,1
2733,5034,416,2
2734,2084,348,1
2735,2439,223,1
2736,5130,28,1
2737,4044,19,1
2738,2868,237,1
2739,4885,16,3
2740,3468,157,1
2741,5340,414,2
2742,5067,466,2
2743,2228,229,1
2744,2759,291,1
2745,5074,425,2
2746,547,13,1
2747,2316,16,1
2748,3246,27,1
2749,1223,9,1
2750,5045,16,1
2751,5403,499,-1
2752,4084,9,1
2753,5127,464,1
2754,2083,5,1
2755,1823,156,1
2756,3641,157,1
2757,5339,142,2
2758,1645,98,2
2759,1624,8,1
2760,2733,9,1
2761,5139,427,3
2762,3202,5,1
2763,5259,543,1
2764,4241,5,1
2765,3575,11,1
2766,2260,19,3
2767,4128,286,1
2768,3523,1,2
2769,3515,5,3
2770,4993,433,3
2771,3852,148,1
2772,1974,25,1
2773,1451,12,1
2774,5156,16,3
2775,2424,8,1
2776,3841,11,1
2777,5264,419,1
2778,5296,16,2
2779,5304,16,2
2780,5653,518,-1
2781,5711,543,-1
2782,361,83,2
2783,2404,85,1
2784,5147,36,1
2785,5061,16,2
2786,3624,5,1
2787,5670,521,-1
2788,1405,24,2
2789,5085,17,1
2790,4041,13,3
2791,4930,422,2
2792,4475,315,2
2793,3770,86,1
2794,1749,14,1
2795,2738,187,1
2796,541,174,2
2797,1614,48,1
2798,4006,279,3
2799,4565,77,-1
2800,3819,49,3
2801,5809,511,-1
2802,70,5,1
2803,1736,19,3
2804,3223,15,-1
2805,830,25,3
2806,2228,8,1
2807,614,24,3
2808,2090,5,1
2809,3799,243,1
2810,3609,20,1
2811,2535,15,-1
2812,23,38,1
2813,2410,9,1
2814,1679,16,-1
2815,2887,25,2
2816,3593,20,2
2817,5609,524,-1
2818,2549,129,1
2819,235,103,1
2820,5037,420,1
2821,3036,157,-1
2822,2330,4,1
2823,4457,8,1
2824,4725,16,3
2825,4875,461,1
2826,147,17,-1
2827,3410,8,3
2828,5372,416,1
2829,1465,62,1
2830,5521,525,-1
2831,5349,417,3
2832,4615,25,2
2833,2164,15,-1
2834,3626,87,1
2835,3621,13,1
2836,3531,71,3
2837,5242,16,2
2838,4882,16,1
2839,491,36,-1
2840,5017,16,1
2841,1684,24,2
2842,5074,466,2
2843,3143,36,1
2844,5017,419,1
2845,1217,4,3
2846,1451,11,1
2847,5133,16,4
2848,2474,165,1
2849,1253,24,2
2850,5227,28,1
2851,699,18,1
2852,5474,515,-1
2853,1489,176,-1
2854,5123,436,1
2855,2001,64,1
2856,3412,16,2
2857,1595,8,1
2858,719,8,1
2859,1157,49,1
2860,2984,19,3
2861,515,78,1
2862,5074,36,2
2863,2411,49,3
2864,5597,524,-1
2865,1971,20,2
2866,3531,19,3
2867,487,130,2
2868,4550,342,1
2869,5091,16,3
2870,5596,525,-1
2871,3922,95,2
2872,5627,512,-1
2873,2173,260,1
2874,3384,11,-1
2875,4312,36,1
2876,1018,48,3
2877,5520,525,-1
2878,2955,85,1
2879,5130,424,1
2880,5502,524,-1
2881,5126,428,1
2882,4917,16,1
2883,3864,83,2
2884,5236,422,1
2885,1561,9,1
2886,5313,428,1
2887,5337,489,4
2888,5928,524,-1
2889,5366,425,1
2890,1405,25,2
2891,1822,49,1
2892,4993,440,3
2893,5033,28,1
2894,3627,16,1
2895,2476,36,1
2896,3626,86,1
2897,5314,425,2
2898,4529,4,1
2899,5232,460,2
2900,3138,49,3
2901,3733,9,1
2902,3426,369,1
2903,4829,25,-1
2904,2463,20,1
2905,5103,16,3
2906,5116,420,1
2907,4957,16,1
2908,1338,17,1
2909,3609,174,1
2910,1772,161,2
2911,3836,16,1
2912,4247,13,3
2913,3805,16,-1
2914,5417,499,-1
2915,3130,279,3
2916,638,8,1
2917,371,9,1
2918,1758,49,1
2919,699,19,1
2920,4936,36,1
2921,1586,8,1
2922,603,36,1
2923,3299,17,1
2924,2627,305,3
2925,3875,13,-1
2926,1777,4,1
2927,3452,310,1
2928,4275,127,1
2929,880,49,1
2930,4658,170,3
2931,5122,449,2
2932,2064,16,1
2933,5002,36,1
2934,1501,25,-1
2935,3759,9,1
2936,1004,135,3
2937,249,16,2
2938,3826,24,2
2939,5180,462,2
2940,5258,419,3
2941,4811,13,3
2942,2556,9,1
2943,3511,20,1
2944,5316,428,3
2945,2692,25,2
2946,5254,28,1
2947,4930,16,2
2948,5124,16,1
2949,5339,449,2
2950,3266,24,3
2951,2955,87,1
2952,3179,9,1
2953,5304,419,2
2954,2095,9,-1
2955,1677,9,1
2956,5073,428,2
2957,368,48,3
2958,1778,25,2
2959,3497,4,1
2960,1803,24,3
2961,434,37,1
2962,1485,24,-1
2963,1519,12,-1
2964,2738,8,1
2965,2286,268,3
2966,4313,3,1
2967,5303,28,1
2968,4424,17,2
2969,2789,5,3
2970,4980,480,1
2971,5148,422,2
2972,1210,17,1
2973,4278,142,2
2974,1219,24,2
2975,2902,9,1
2976,3164,24,3
2977,2463,13,1
2978,3086,93,1
2979,2495,8,1
2980,3327,16,1
2981,629,11,-1
2982,1998,16,1
2983,3731,407,1
2984,1124,25,2
2985,306,2,2
2986,2128,199,1
2987,5250,491,1
2988,4879,16,1
2989,2531,385,-1
2990,500,48,1
2991,5081,28,1
2992,3986,9,3
2993,3360,190,3
2994,3575,17,1
2995,4959,16,2
2996,1968,8,1
2997,5199,16,1
2998,5110,16,1
2999,1702,4,1
3000,1944,331,1
3001,1727,16,1
3002,4042,87,1
3003,4368,17,1
3004,1158,5,1
3005,4506,106,1
3006,4247,132,3
3007,5203,422,3
3008,3452,8,1
3009,3327,36,1
3010,3246,199,1
3011,1403,176,1
3012,1561,8,1
3013,5383,429,3
3014,5290,424,2
3015,224,11,-1
3016,3504,16,2
3017,5446,543,-1
3018,3202,102,1
3019,5276,473,3
3020,1655,148,1
3021,5416,503,-1
3022,4081,106,3
3023,818,90,1
3024,4882,425,1
3025,4005,8,1
3026,2260,98,3
3027,2047,86,1
3028,2316,216,1
3029,3223,13,-1
3030,341,98,1
3031,379,48,1
3032,1561,9,1
3033,5045,450,1
3034,2408,83,4
3035,1094,238,1
3036,5199,414,1
3037,5058,417,1
3038,5392,16,2
3039,5230,419,1
3040,5224,419,3
3041,374,48,1
3042,1893,110,1
3043,2030,49,1
3044,1971,14,2
3045,359,17,1
3046,1767,9,1
3047,5711,542,-1
3048,1734,48,3
3049,3681,5,1
3050,1451,13,1
3051,4582,298,1
3052,5296,419,2
3053,3624,302,1
3054,5380,433,2
3055,3368,25,2
3056,224,16,-1
3057,4183,12,3
3058,2296,204,1
3059,3993,19,5
3060,3621,14,1
3061,4971,414,1
3062,209,5,1
3063,3289,48,1
3064,5527,530,-1
3065,5154,434,2
3066,1145,17,1
3067,1604,221,1
3068,4588,8,2
3069,4941,424,2
3070,2408,20,4
3071,4189,13,1
3072,4878,28,1
3073,1833,8,1
3074,5184,36,1
3075,379,125,1
3076,3037,49,1
3077,4784,257,1
3078,5373,468,2
3079,5929,524,-1
3080,5605,524,-1
3081,5423,496,-1
3082,4062,16,1
3083,4183,13,3
3084,5186,418,1
3085,1004,25,3
3086,5133,417,4
3087,4000,6,3
3088,781,17,1
3089,4229,16,1
3090,5169,16,2
3091,4968,28,2
3092,4000,4,3
3093,4807,17,1
3094,1023,8,1
3095,5269,17,1
3096,235,8,1
3097,1546,82,3
3098,5127,419,1
3099,5373,424,2
3100,656,25,1
3101,1798,66,2
3102,2439,4,1
3103,4085,9,1
3104,5346,434,1
3105,5330,417,4
3106,4639,36,3
3107,5335,420,1
3108,5213,16,1
3109,924,13,2
3110,2001,8,1
3111,4033,15,1
3112,4279,71,1
3113,1960,113,2
3114,1968,8,1
3115,5417,502,-1
3116,2328,195,1
3117,4625,48,1
3118,1392,17,1
3119,5438,542,-1
3120,2323,49,1
3121,3799,78,1
3122,5180,16,2
3123,5021,417,2
3124,210,36,1
3125,2373,17,1
3126,3983,312,1
3127,2360,16,1
3128,4448,17,1
3129,5001,422,1
3130,1392,176,1
3131,5356,16,1
3132,5006,16,2
3133,1994,27,1
3134,5366,417,1
3135,4278,19,2
3136,892,4,1
3137,5518,525,-1
3138,16,31,1
3139,4845,9,1
3140,5259,542,1
3141,5377,420,1
3142,1586,111,1
3143,3086,374,1
3144,1944,9,1
3145,410,123,5
3146,5226,16,1
3147,4698,8,1
3148,994,25,2
3149,3826,188,2
3150,1971,19,2
3151,4344,49,1
3152,2208,24,2
3153,3593,72,2
3154,2724,24,2
3155,1750,9,2
3156,4860,13,-1
3157,2772,25,1
3158,5584,525,-1
3159,3533,36,1
3160,1359,48,1
3161,2011,49,1
3162,3681,4,1
3163,5104,463,2
3164,1672,311,3
3165,1997,353,3
3166,4875,424,1
3167,2637,204,1
3168,3819,127,3
3169,3641,11,1
3170,1911,13,1
3171,3511,19,1
3172,3491,25,1
3173,1028,8,1
3174,4892,36,2
3175,5024,414,1
3176,826,204,1
3177,2785,5,1
3178,5193,36,2
3179,4439,332,3
3180,3946,8,1
3181,5380,16,2
3182,1524,48,1
3183,3855,104,3
3184,3751,16,2
3185,5697,541,-1
3186,5932,524,-1
3187,4811,122,3
3188,883,9,1
3189,1152,25,2
3190,3139,8,2
3191,2258,24,2
3192,1676,49,1
3193,2984,14,3
3194,278,131,1
3195,5249,425,1
3196,274,24,2
3197,4752,4,1
3198,4639,19,3
3199,3838,86,1
3200,5123,414,1
3201,4242,16,1
3202,1903,27,2
3203,4955,417,1
3204,4829,13,-1
3205,4747,263,1
3206,5434,496,-1
3207,2880,233,1
3208,5366,447,1
3209,3830,5,1
3210,2785,267,1
3211,2208,113,2
3212,991,52,1
3213,1797,5,5
3214,515,13,1
3215,964,219,1
3216,1740,12,1
3217,5300,423,2
3218,2340,152,1
3219,830,25,3
3220,4885,17,3
3221,4457,9,1
3222,4904,430,1
3223,3303,14,1
3224,1974,268,1
3225,3737,356,1
3226,3630,9,1
3227,4397,8,1
3228,1464,311,1
3229,5488,523,-1
3230,3797,49,3
3231,5050,424,2
3232,3476,297,1
3233,1404,78,1
3234,1703,38,1
3235,4303,49,1
3236,3875,12,-1
3237,5088,450,1
3238,2229,5,1
3239,3178,9,2
3240,4565,13,-1
3241,5592,541,-1
3242,1144,27,1
3243,1962,117,1
3244,1129,36,1
3245,5128,16,1
3246,4084,116,1
3247,3316,9,3
3248,781,242,1
3249,4400,24,2
3250,719,237,1
3251,4949,417,1
3252,5272,434,1
3253,4981,439,1
3254,2474,8,1
3255,3294,25,2
3256,3134,49,3
3257,5558,525,-1
3258,2114,94,2
3259,5382,36,2
3260,2535,36,-1
3261,2545,89,2
3262,4298,4,1
3263,3126,16,1
3264,1146,49,1
3265,1561,8,1
3266,5280,422,3
3267,5117,417,2
3268,1383,12,-1
3269,2744,16,3
3270,1956,48,1
3271,3303,197,1
3272,4565,12,-1
3273,377,19,1
3274,2619,4,1
3275,3096,9,3
3276,4959,429,2
3277,4735,239,1
3278,4240,49,1
3279,3351,19,1
3280,4834,275,1
3281,5297,28,1
3282,862,20,1
3283,361,20,2
3284,70,73,1
3285,3360,5,3
3286,5349,492,3
3287,2646,2,2
3288,1618,51,1
3289,1169,16,1
3290,4968,424,2
3291,3899,36,-1
3292,2010,302,1
3293,827,8,1
3294,1485,25,-1
3295,5397,496,-1
3296,1702,5,1
3297,5008,417,3
3298,1028,226,1
3299,4987,445,2
3300,2772,89,1
3301,2955,86,1
3302,4594,13,1
3303,3627,17,1
3304,1689,24,2
3305,5653,541,-1
3306,3958,361,3
3307,5049,417,1
3308,2952,16,3
3309,4066,298,2
3310,2490,137,1
3311,3626,85,1
3312,4373,48,3
3313,3164,25,3
3314,3276,16,3
3315,1761,78,3
3316,1387,51,1
3317,2391,49,3
3318,4625,269,1
3319,629,16,-1
3320,5578,541,-1
3321,787,116,1
3322,2207,17,1
3323,1547,8,1
3324,3239,24,2
3325,5676,515,-1
3326,5616,513,-1
3327,4765,15,1
3328,3988,9,2
3329,2229,84,1
3330,5373,36,2
3331,2973,20,3
3332,5061,416,2
3333,209,4,1
3334,1994,14,1
3335,4907,414,3
3336,2005,238,3
3337,2765,201,1
3338,3303,19,1
3339,4372,119,1
3340,5360,425,1
3341,1344,142,3
3342,5163,28,1
3343,2079,24,2
3344,5576,533,-1
3345,1591,8,2
3346,3148,16,5
3347,662,9,1
3348,5337,417,4
3349,4506,24,1
3350,5071,422,2
3351,5169,416,2
3352,1764,9,3
3353,1694,49,1
3354,4410,9,1
3355,2313,229,1
3356,5052,36,2
3357,359,98,1
3358,5203,433,3
3359,5300,28,2
3360,3285,16,1
3361,515,77,1
3362,894,5,1
3363,4615,13,2
3364,635,16,1
3365,5198,28,2
3366,303,9,1
3367,4114,17,-1
3368,3463,8,1
3369,702,169,1
3370,3785,122,3
3371,1079,8,1
3372,5045,28,1
3373,716,176,1
3374,5525,524,-1
3375,3223,12,-1
3376,4839,18,3
3377,4554,16,1
3378,1018,200,3
3379,3070,14,3
3380,5034,16,2
3381,4368,332,1
3382,1956,49,1
3383,4658,24,3
3384,3593,17,2
3385,4044,71,1
3386,1023,116,1
3387,5538,530,-1
3388,710,51,1
3389,2307,2,2
3390,2868,8,1
3391,2077,189,2
3392,3848,24,3
3393,1749,20,1
3394,1822,48,1
3395,4728,25,2
3396,1997,4,3
3397,3888,348,1
3398,3476,48,1
3399,5226,28,1
3400,1426,94,2
3401,4391,8,1
3402,3178,162,2
3403,2495,9,1
3404,4437,20,1
3405,3392,78,-1
3406,3533,32,1
3407,5413,500,-1
3408,3043,49,1
3409,5205,28,1
3410,5084,422,2
3411,3841,13,1
3412,1776,49,1
3413,1157,266,1
3414,5261,16,4
3415,5228,16,2
3416,1310,124,2
3417,5383,419,3
3418,3215,290,3
3419,4241,359,1
3420,311,84,1
3421,1853,49,1
3422,5566,534,-1
3423,4954,473,1
3424,3733,8,1
3425,5189,36,1
3426,374,101,1
3427,4094,4,1
3428,3001,49,3
3429,5377,16,1
3430,3150,11,1
3431,818,49,1
3432,4346,25,2
3433,3208,245,1
3434,4929,420,1
3435,5104,36,2
3436,2330,213,1
3437,5553,524,-1
3438,3677,186,2
3439,3482,16,1
3440,4041,12,3
3441,2359,13,2
3442,547,12,1
3443,2159,8,1
3444,3000,24,3
3445,4765,12,1
3446,4150,24,2
3447,3630,8,1
3448,3299,176,1
3449,1145,13,1
3450,3533,147,1
3451,1704,8,2
3452,699,20,1
3453,893,17,1
3454,656,15,1
3455,3855,13,3
3456,1546,24,3
3457,4981,419,1
3458,97,5,1
3459,341,14,1
3460,4420,145,-1
3461,4062,36,1
3462,4919,28,1
3463,2474,9,1
3464,1306,48,3
3465,5675,518,-1
3466,1574,4,1
3467,5346,16,1
3468,4041,17,3
3469,4424,83,2
3470,4594,11,1
3471,2650,16,1
3472,5019,428,1
3473,5250,16,1
3474,1546,25,3
3475,1833,118,1
3476,2159,187,1
3477,893,256,1
3478,5624,513,-1
3479,403,25,3
3480,2923,20,1
3481,5520,524,-1
3482,1122,36,1
3483,5070,425,2
3484,5282,475,2
3485,853,4,2
3486,973,170,3
3487,4887,434,1
3488,3134,48,3
3489,5014,36,3
3490,1414,25,2
3491,3782,181,2
3492,4199,17,1
3493,5927,546,-1
3494,1446,95,2
3495,4110,147,1
3496,5298,443,3
3497,4978,16,1
3498,4319,19,2
3499,5566,524,-1
3500,2548,48,1
3501,5333,16,2
3502,2692,23,2
3503,5230,16,1
3504,5333,36,2
3505,3410,284,3
3506,5151,429,2
3507,2064,36,1
3508,5014,419,3
3509,4860,12,-1
3510,3217,5,1
3511,862,13,1
3512,3121,19,4
3513,5006,36,2
3514,5374,414,1
3515,3636,8,1
3516,4765,16,1
3517,4583,17,1
3518,4813,140,1
3519,4946,416,2
3520,5039,468,4
3521,5049,16,1
3522,2759,9,1
3523,1547,250,1
3524,1987,15,1
3525,1831,8,1
3526,3575,15,1
3527,1580,16,1
3528,953,17,-1
3529,5246,28,1
3530,515,36,1
3531,1198,11,1
3532,984,11,-1
3533,4750,89,3
3534,3746,11,-1
3535,2391,289,3
3536,3391,49,1
3537,2445,22,1
3538,3086,12,1
3539,1031,17,-1
3540,5198,16,2
3541,1746,13,1
3542,4439,11,3
3543,4982,419,2
3544,3121,14,4
3545,4453,27,1
3546,1565,17,-1
3547,4312,24,1
3548,979,20,1
3549,710,36,1
3550,353,11,-1
3551,599,27,1
3552,3062,13,2
3553,97,84,1
3554,4520,5,1
3555,5110,425,1
3556,3276,11,3
3557,1189,8,1
3558,1124,63,2
3559,1502,4,1
3560,3864,19,2
3561,1403,51,1
3562,577,12,1
3563,5124,442,1
3564,638,9,1
3565,3583,24,4
3566,129,48,3
3567,1736,20,3
3568,5014,16,3
3569,4468,104,2
3570,2561,24,2
3571,5159,419,1
3572,4875,414,1
3573,3576,25,1
3574,5165,17,3
3575,5081,477,1
3576,3392,354,-1
3577,4110,16,1
3578,4628,235,1
3579,3130,24,3
3580,2815,8,1
3581,362,49,3
3582,1198,17,1
3583,5061,466,2
3584,2990,68,2
3585,5292,28,1
3586,1087,4,2
3587,5314,142,2
3588,210,78,1
3589,5416,499,-1
3590,1195,113,2
3591,2866,24,2
3592,1465,36,1
3593,5181,142,1
3594,1485,17,-1
3595,1998,155,1
3596,5293,434,3
3597,4529,3,1
3598,5264,425,1
3599,1417,12,-1
3600,4468,13,2
3601,5191,28,1
3602,5136,36,2
3603,1465,16,1
3604,2476,12,1
3605,3075,20,1
3606,140,9,1
3607,2765,48,1
3608,5261,425,4
3609,2136,249,3
3610,4916,16,1
3611,3730,49,1
3612,1676,227,1
3613,4949,16,1
3614,1128,79,2
3615,4453,16,1
3616,1461,5,2
3617,23,8,1
3618,3213,8,1
3619,5236,16,1
3620,3002,24,3
3621,1387,36,1
3622,3428,9,1
3623,4059,20,3
3624,3770,85,1
3625,4242,20,1
3626,4729,49,3
3627,3294,181,2
3628,1446,24,2
3629,1677,8,1
3630,5931,546,-1
3631,5501,525,-1
3632,277,16,-1
3633,5148,142,2
3634,5082,425,1
3635,3583,214,4
3636,4446,85,1
3637,3138,325,3
3638,5112,28,1
3639,4967,428,1
3640,542,45,3
3641,5292,450,1
3642,3523,139,2
3643,16,5,1
3644,4482,133,5
3645,5584,533,-1
3646,1158,4,1
3647,2624,116,1
3648,2254,361,1
3649,4904,28,1
3650,4229,394,1
3651,1668,298,5
3652,1885,8,1
3653,2136,9,3
3654,1536,8,1
3655,839,174,1
3656,5418,496,2
3657,1464,4,1
3658,5159,16,1
3659,1288,49,3
3660,3797,48,3
3661,2624,9,1
3662,5677,541,-1
3663,3621,30,1
3664,710,16,1
3665,2424,9,1
3666,5250,429,1
3667,2957,24,2
3668,4327,16,-1
3669,3805,11,-1
3670,5034,434,2
3671,2667,43,1
3672,5157,16,3
3673,5082,16,1
3674,1872,16,1
3675,5256,16,1
3676,4026,152,1
3677,1350,109,2
3678,2724,362,2
3679,5427,497,-1
3680,2064,147,1
3681,3336,8,1
3682,2570,150,3
3683,5927,524,-1
3684,1210,29,1
3685,4457,265,1
3686,5073,420,2
3687,3852,147,1
3688,2093,4,2
3689,3514,16,1
3690,1325,17,2
3691,4879,420,1
3692,5550,525,-1
3693,5102,444,1
3694,862,19,1
3695,2313,8,1
3696,3577,17,-1
3697,4417,199,2
3698,97,4,1
3699,1356,57,1
3700,4976,422,2
3701,1620,5,1
3702,5532,524,-1
3703,3419,25,1
3704,5303,414,1
3705,4625,49,1
3706,5024,424,1
3707,4808,24,1
3708,4808,25,1
3709,1566,8,1
3710,2408,19,4
3711,2988,48,3
3712,4882,417,1
3713,5126,420,1
3714,1230,49,1
3715,4033,36,1
3716,5261,28,4
3717,1464,5,1
3718,3785,24,3
3719,3142,340,1
3720,1599,2,2
3721,1505,36,1
3722,5191,425,1
3723,5008,17,3
3724,3219,8,1
3725,434,8,1
3726,2637,204,1
3727,1519,36,-1
3728,4892,422,2
3729,274,25,2
3730,5232,36,2
3731,5160,424,1
3732,4066,66,2
3733,2429,366,2
3734,2744,20,3
3735,4906,419,1
3736,3686,398,1
3737,4588,9,2
3738,1325,20,2
3739,5227,16,1
3740,1580,67,1
3741,2591,49,3
3742,235,103,1
3743,1405,214,2
3744,5033,432,1
3745,1734,49,3
3746,2545,17,2
3747,371,103,1
3748,4123,48,3
3749,5084,16,2
3750,3655,12,-1
3751,1421,8,1
3752,2041,105,3
3753,1426,25,2
3754,4183,67,3
3755,984,16,-1
3756,1736,14,3
3757,3514,17,1
3758,3837,175,1
3759,4582,9,1
3760,1599,8,2
3761,1522,135,2
3762,4821,20,2
3763,3576,24,1
3764,3095,9,1
3765,3001,285,3
3766,577,36,1
3767,1672,5,3
3768,3953,69,1
3769,2011,166,1
3770,5242,433,2
3771,3515,4,3
3772,4983,424,2
3773,3834,8,1
3774,5077,416,1
3775,781,13,1
3776,1332,48,3
3777,4524,8,1
3778,3781,5,3
3779,4417,142,2
3780,1441,25,-1
3781,1306,49,3
3782,3327,175,1
3783,2990,25,2
3784,4328,8,1
3785,571,49,1
3786,3312,20,2
3787,1983,12,1
3788,1289,9,1
3789,5014,484,3
3790,837,73,1
3791,2606,9,1
3792,4839,17,3
3793,5616,518,-1
3794,1904,25,1
3795,4391,195,1
3796,4546,48,5
3797,288,9,1
3798,1338,15,1
3799,1797,4,5
3800,4987,16,2
3801,97,4,1
3802,3142,48,1
3803,1718,24,2
3804,1505,25,1
3805,5118,424,2
3806,1565,25,-1
3807,1041,9,1
3808,629,12,-1
3809,4433,60,3
3810,3620,16,2
3811,4448,8,1
3812,5594,524,-1
3813,4496,9,3
3814,3799,36,1
3815,4582,8,1
3816,3129,374,3
3817,335,87,1
3818,5205,414,1
3819,3047,9,1
3820,902,13,1
3821,2716,135,3
3822,3333,9,1
3823,5246,420,1
3824,4454,9,1
3825,3312,34,2
3826,3626,13,1
3827,5578,536,-1
3828,400,167,3
3829,5313,420,1
3830,5426,543,-1
3831,3002,25,3
3832,2067,192,1
3833,3198,25,-1
3834,4917,442,1
3835,2492,25,3
3836,5356,419,1
3837,5514,524,-1
3838,1770,213,1
3839,1746,77,1
3840,235,8,1
3841,5513,525,-1
3842,5139,16,3
3843,235,9,1
3844,3511,124,1
3845,5080,415,1
3846,4279,16,1
3847,1417,93,-1
3848,5103,17,3
3849,1624,8,1
3850,4914,452,2
3851,5697,518,-1
3852,662,37,1
3853,308,12,1
3854,5488,525,-1
3855,3917,8,1
3856,5127,28,1
3857,5316,16,3
3858,5620,538,-1
3859,3888,9,1
3860,4683,5,1
3861,4317,12,3
3862,2162,250,1
3863,5169,28,2
3864,5288,456,2
3865,3390,265,2
3866,5128,28,1
3867,2168,24,1
3868,3746,16,-1
3869,5335,16,1
3870,5295,419,2
3871,3276,36,3
3872,5071,142,2
3873,1968,9,1
3874,4906,454,1
3875,4750,25,3
3876,3043,48,1
3877,1896,5,1
3878,2973,19,3
3879,3223,17,-1
3880,5337,28,4
3881,1968,33,1
3882,4892,445,2
3883,5177,419,2
3884,1904,170,1
3885,232,6,3
3886,960,12,3
3887,209,4,1
3888,5177,16,2
3889,5058,28,1
3890,5085,480,1
3891,2739,19,1
3892,2340,9,1
3893,718,236,1
3894,2009,8,1
3895,3209,204,1
3896,4123,368,3
3897,4506,25,1
3898,5918,545,-1
3899,3679,260,1
3900,3368,24,2
3901,5261,417,4
3902,2164,16,-1
3903,5008,483,3
3904,3626,17,1
3905,3363,5,1
3906,547,175,1
3907,2709,159,1
3908,2721,13,3
3909,1617,9,1
3910,5272,16,1
3911,5549,525,-1
3912,3575,12,1
3913,4417,27,2
3914,4956,28,1
3915,1689,25,2
3916,4947,16,2
3917,5313,16,1
3918,5085,434,1
3919,5130,16,1
3920,3731,8,1
3921,1811,187,1
3922,5420,499,-1
3923,5203,16,3
3924,702,25,1
3925,4278,20,2
3926,3733,119,1
3927,1539,9,1
3928,5392,28,2
3929,3522,49,3
3930,1911,71,1
3931,5362,420,1
3932,3746,17,-1
3933,5261,483,4
3934,5653,542,-1
3935,4600,8,1
3936,935,5,1
3937,21,20,2
3938,1438,120,1
3939,2788,48,1
3940,726,194,2
3941,5385,444,2
3942,5014,425,3
3943,4711,48,1
3944,5050,446,2
3945,2212,207,1
3946,1487,8,1
3947,4565,36,-1
3948,3121,20,4
3949,4694,313,1
3950,1252,159,1
3951,830,24,3
3952,3805,17,-1
3953,4534,24,2
3954,4976,433,2
3955,5711,85,-1
3956,4941,142,2
3957,1129,13,1
3958,1441,89,-1
3959,718,369,1
3960,4042,85,1
3961,2788,340,1
3962,1465,51,1
3963,4454,8,1
3964,5268,433,1
3965,5024,436,1
3966,3841,332,1
3967,4919,416,1
3968,5417,496,-1
3969,3802,49,1
3970,5024,436,1
3971,3837,36,1
3972,1962,8,1
3973,4878,428,1
3974,1421,320,1
3975,4588,2,2
3976,5069,444,2
3977,2893,48,3
3978,928,20,3
3979,710,176,1
3980,3198,317,-1
3981,3426,221,1
3982,3374,127,1
3983,3101,12,3
3984,1984,8,1
3985,726,5,2
3986,5921,525,-1
3987,2540,17,3
3988,5488,524,-1
3989,5696,518,-1
3990,5532,525,-1
3991,2551,5,1
3992,4368,13,1
3993,3839,17,-1
3994,5303,459,1
3995,956,17,3
3996,5304,460,2
3997,1786,9,1
3998,5198,428,2
3999,4338,83,2
4000,5213,474,1
4001,344,89,1
4002,2988,386,3
4003,2360,12,1
4004,4227,49,1
4005,5242,28,2
4006,1474,9,1
4007,1645,20,2
4008,4834,20,1
4009,944,25,2
4010,3379,15,1
4011,4941,36,2
4012,5258,429,3
4013,5283,460,2
4014,3702,4,5
4015,1770,5,1
4016,4485,17,1
4017,2984,13,3
4018,1804,49,3
4019,2034,24,2
4020,2887,24,2
4021,2990,24,2
4022,1375,9,1
4023,3899,12,-1
4024,1079,9,1
4025,2690,4,3
4026,5246,428,1
4027,5198,428,2
4028,97,84,1
4029,4564,17,3
4030,1714,269,3
4031,1904,24,1
4032,3036,36,-1
4033,288,8,1
4034,2480,134,1
4035,5179,16,1
4036,5443,509,-1
4037,3953,25,1
4038,4110,15,1
4039,4808,245,1
4040,1344,14,3
4041,3217,102,1
4042,3296,296,1
4043,5159,491,1
4044,994,24,2
4045,3200,229,1
4046,3624,4,1
4047,4711,49,1
4048,1310,17,2
4049,3316,159,3
4050,1231,13,1
4051,1023,9,1
4052,5588,533,-1
4053,1359,127,1
4054,2258,169,2
4055,4086,321,3
4056,3043,339,1
4057,2047,85,1
4058,5571,532,-1
4059,5333,457,2
4060,5189,433,1
4061,431,15,-1
4062,824,148,1
4063,2444,9,1
4064,5220,416,3
4065,4059,44,3
4066,4379,271,1
4067,4226,9,1
4068,1798,1,2
4069,2549,48,1
4070,4564,309,3
4071,4661,4,1
4072,3112,25,2
4073,4993,36,3
4074,4021,190,3
4075,3134,305,3
4076,2701,49,1
4077,547,78,1
4078,350,25,3
4079,781,20,1
4080,377,20,1
4081,5446,509,-1
4082,2309,17,1
4083,5193,434,2
4084,3462,9,1
4085,3202,4,1
4086,2868,9,1
4087,1997,5,3
4088,5118,36,2
4089,5250,419,1
4090,3781,4,3
4091,953,87,-1
4092,4423,20,1
4093,3036,16,-1
4094,39,17,-1
4095,5058,16,1
4096,4328,120,1
4097,3095,377,1
4098,3213,398,1
4099,1642,24,1
4100,308,36,1
4101,5279,142,2
4102,4554,293,1
4103,862,20,1
4104,4615,301,2
4105,924,51,2
4106,1038,16,1
4107,5220,16,3
4108,410,9,5
4109,5320,425,1
4110,2009,123,1
4111,5575,533,-1
4112,5254,16,1
4113,5224,425,3
4114,2404,87,1
4115,2316,148,1
4116,1325,16,2
4117,2646,1,2
4118,5032,414,1
4119,960,13,3
4120,5675,541,-1
4121,4138,12,1
4122,3075,256,1
4123,5684,541,-1
4124,2905,4,1
4125,3686,8,1
4126,1383,77,-1
4127,277,12,-1
4128,2868,8,1
4129,5049,487,1
4130,1219,25,2
4131,3299,51,1
4132,930,204,1
4133,4229,20,1
4134,1344,27,3
4135,344,36,1
4136,4978,36,1
4137,1253,25,2
4138,4312,16,1
4139,5226,420,1
4140,2293,49,3
4141,5663,542,-1
4142,2964,16,-1
4143,3139,234,2
4144,5019,28,1
4145,140,7,1
4146,3234,197,1
4147,4059,19,3
4148,251,79,2
4149,2180,36,2
4150,4639,13,3
4151,5019,420,1
4152,4923,433,1
4153,5186,428,1
4154,5451,507,-1
4155,4729,325,3
4156,4588,407,2
4157,2328,8,1
4158,3621,12,1
4159,5102,28,1
4160,4658,25,3
4161,2907,200,3
4162,989,267,1
4163,760,19,2
4164,4976,465,2
4165,5416,496,-1
4166,1391,63,2
4167,5423,497,-1
4168,5521,528,-1
4169,241,74,1
4170,2650,17,1
4171,4199,12,1
4172,5663,541,-1
4173,3645,4,1
4174,2373,19,1
4175,4207,378,3
4176,2510,24,2
4177,5128,429,1
4178,4379,8,1
4179,3597,5,3
4180,2373,20,1
4181,5256,433,1
4182,3490,270,1
4183,3143,25,1
4184,3089,9,1
4185,3296,48,1
4186,3384,12,-1
4187,826,8,1
4188,5112,420,1
4189,3593,16,2
4190,5220,434,3
4191,2092,48,3
4192,5223,429,2
4193,5387,36,1
4194,2969,9,1
4195,5215,462,3
4196,4301,281,1
4197,3491,69,1
4198,577,179,1
4199,2168,274,1
4200,1625,48,3
4201,4747,16,1
4202,880,129,1
4203,1561,9,1
4204,1677,9,1
4205,5612,524,-1
4206,5163,432,1
4207,1210,12,1
4208,5663,515,-1
4209,5315,28,1
4210,5279,425,2
4211,5676,543,-1
4212,341,20,1
4213,5179,458,1
4214,3419,233,1
4215,3677,9,2
4216,4784,5,1
4217,344,51,1
4218,3001,48,3
4219,3274,25,1
4220,377,18,1
4221,629,155,-1
4222,1375,8,1
4223,4941,471,2
4224,1195,25,2
4225,5199,424,1
4226,4968,452,2
4227,1778,274,2
4228,5130,414,1
4229,4417,20,2
4230,5696,542,-1
4231,5059,16,3
4232,5677,542,-1
4233,2064,148,1
4234,1489,16,-1
4235,1523,49,1
4236,39,56,-1
4237,3785,13,3
4238,1566,9,1
4239,1727,230,1
4240,5213,434,1
4241,4923,471,1
4242,1903,13,2
4243,3888,8,1
4244,4312,25,1
4245,5697,542,-1
4246,2448,25,3
4247,1749,19,1
4248,5397,499,-1
4249,5223,457,2
4250,2815,9,1
4251,635,15,1
4252,2229,84,1
4253,2358,118,1
4254,5132,463,2
4255,1435,9,1
4256,3289,49,1
4257,2745,25,1
4258,880,48,1
4259,2548,49,1
4260,4114,30,-1
4261,3316,8,3
4262,825,193,3
4263,2293,48,3
4264,1325,124,2
4265,5039,16,4
4266,4894,16,2
4267,5420,500,-1
4268,224,12,-1
4269,4936,425,1
4270,3379,36,1
4271,4520,4,1
4272,2092,200,3
4273,2637,9,1
4274,5169,434,2
4275,5117,28,2
4276,4904,429,1
4277,3428,8,1
4278,4729,48,3
4279,3834,205,1
4280,2444,8,1
4281,4993,422,3
4282,4639,20,3
4283,4368,12,1
4284,5204,433,1
4285,948,202,1
4286,5491,523,-1
4287,1501,51,-1
4288,5458,513,-1
4289,251,25,2
4290,4727,9,2
4291,2884,24,2
4292,4983,414,2
4293,1823,49,1
4294,3131,385,1
4295,2404,86,1
4296,4199,11,1
4297,3299,16,1
4298,4372,8,1
4299,1198,16,1
4300,241,49,1
4301,2747,25,2
4302,5315,417,1
4303,4437,14,1
4304,928,19,3
4305,235,9,1
4306,2228,9,1
4307,1225,274,1
4308,4992,417,1
4309,2424,208,1
4310,1903,293,2
4311,3002,96,3
4312,5104,16,2
4313,5299,425,1
4314,1646,24,2
4315,403,24,3
4316,1536,9,1
4317,4534,154,2
4318,3830,326,1
4319,743,25,3
4320,1471,27,1
4321,4210,369,1
4322,2260,17,3
4323,5340,424,2
4324,699,16,1
4325,5571,524,-1
4326,5506,526,-1
4327,5223,36,2
4328,4959,422,2
4329,5074,417,2
4330,825,4,3
4331,1624,9,1
4332,4066,2,2
4333,4907,452,3
4334,5187,452,2
4335,3303,16,1
4336,3266,279,3
4337,3837,11,1
4338,3101,17,3
4339,1515,214,1
4340,5723,509,-1
4341,5502,523,-1
4342,3482,11,1
4343,5304,429,2
4344,1561,9,1
4345,2866,25,2
4346,5932,546,-1
4347,5228,475,2
4348,5293,422,3
4349,1798,115,2
4350,5929,546,-1
4351,2144,8,1
4352,5918,525,-1
4353,3576,17,1
4354,4273,5,3
4355,5281,480,2
4356,2554,16,2
4357,2480,9,1
4358,4247,20,3
4359,4397,204,1
4360,1485,95,-1
4361,5356,478,1
4362,5500,525,-1
4363,743,24,3
4364,369,20,1
4365,1306,254,3
4366,824,147,1
4367,712,186,2
4368,2767,24,1
4369,2432,173,1
4370,209,84,1
4371,3983,49,1
4372,883,33,1
4373,5607,533,-1
4374,5103,480,3
4375,1264,8,1
4376,1318,131,1
4377,1541,27,1
4378,5296,36,2
4379,2721,104,3
4380,1624,172,1
4381,1502,326,1
4382,2531,1,-1
4383,4110,148,1
4384,5160,36,1
4385,1008,270,3
4386,1404,276,1
4387,1404,36,1
4388,5128,419,1
4389,2321,272,2
4390,2448,24,3
4391,5226,442,1
4392,5427,499,-1
4393,2540,34,3
4394,4976,16,2
4395,5175,36,2
4396,4446,86,1
4397,2846,24,1
4398,3834,9,1
4399,825,5,3
4400,4947,419,2
4401,5360,16,1
4402,3360,4,3
4403,3219,9,1
4404,5127,16,1
4405,3217,4,1
4406,235,9,1
4407,2717,387,1
4408,5299,417,1
4409,5069,16,2
4410,2407,157,-1
4411,5392,425,2
4412,2545,24,2
4413,5624,522,-1
4414,4879,426,1
4415,2739,71,1
4416,3802,48,1
4417,3800,48,1
4418,5268,28,1
4419,2388,9,1
4420,3785,25,3
4421,716,36,1
4422,5363,414,1
4423,5017,17,1
4424,2627,49,3
4425,4199,15,1
4426,5434,499,-1
4427,3215,8,3
4428,515,12,1
4429,5191,417,1
4430,1392,25,1
4431,5132,16,2
4432,335,86,1
4433,5199,436,1
4434,4128,4,1
4435,2212,48,1
4436,4327,17,-1
4437,1078,49,1
4438,5928,546,-1
4439,5330,16,4
4440,3751,19,2
4441,2229,4,1
4442,4750,19,3
4443,4183,36,3
4444,3730,48,1
4445,716,25,1
4446,1811,8,1
4447,3388,16,1
4448,1197,38,1
4449,251,24,2
4450,3903,15,1
4451,1786,8,1
4452,1703,9,1
4453,5902,530,-1
4454,862,17,1
4455,5372,474,1
4456,5605,525,-1
4457,3545,8,1
4458,3142,49,1
4459,1129,78,1
4460,4417,14,2
4461,3315,9,3
4462,3655,92,-1
4463,1435,8,1
4464,4916,433,1
4465,1152,24,2
4466,2438,9,1
4467,1399,33,2
4468,4554,27,1
4469,1168,25,2
4470,892,205,1
4471,3036,12,-1
4472,5474,513,-1
4473,3686,9,1
4474,368,49,3
4475,1624,8,1
4476,2388,22,1
4477,830,23,3
4478,4400,25,2
4479,5254,428,1
4480,5175,16,2
4481,361,16,2
4482,3807,9,1
4483,5242,422,2
4484,2842,48,1
4485,5050,36,2
4486,5290,459,2
4487,4957,434,1
4488,5514,527,-1
4489,3265,14,2
4490,4085,111,1
4491,4184,9,1
4492,5921,524,-1
4493,3327,12,1
4494,1145,12,1
4495,1998,36,1
4496,1242,9,1
4497,3392,12,-1
4498,1767,8,1
4499,2029,8,1
4500,4028,20,2
4501,1801,78,-1
4502,1803,135,3
4503,362,47,3
4504,4944,16,1
4505,5420,496,-1
4506,5363,28,1
4507,2627,48,3
4508,5360,417,1
4509,2745,24,1
4510,5607,524,-1
4511,719,237,1
4512,3200,9,1
4513,3388,20,1
4514,5245,425,2
4515,3721,24,2
4516,2739,17,1
4517,4094,5,1
4518,5052,142,2
4519,5382,16,2
4520,5083,414,2
4521,3702,261,5
4522,1474,8,1
4523,2083,5,1
4524,832,9,1
4525,5081,417,1
4526,3391,338,1
4527,4005,9,1
4528,4338,19,2
4529,956,358,3
4530,2531,2,-1
4531,1980,5,3
4532,3143,121,1
4533,4448,226,1
4534,1750,162,2
4535,3129,13,3
4536,1421,9,1
4537,1122,20,1
4538,5280,440,3
4539,339,150,3
4540,5017,429,1
4541,1669,48,1
4542,1994,20,1
4543,1217,288,3
4544,599,13,1
4545,3958,49,3
4546,1441,24,-1
4547,5083,36,2
4548,5518,524,-1
4549,5037,442,1
4550,5069,434,2
4551,1484,24,1
4552,5553,525,-1
4553,5074,16,2
4554,2842,384,1
4555,2260,13,3
4556,3597,190,3
4557,4039,263,1
4558,3379,12,1
4559,5340,16,2
4560,5026,417,3
4561,4138,15,1
4562,1470,106,3
4563,3655,16,-1
4564,4914,424,2
4565,924,25,2
4566,3000,25,3
4567,1252,9,1
4568,2591,312,3
4569,5017,491,1
4570,1403,25,1
4571,4834,17,1
4572,3285,11,1
4573,989,4,1
4574,1767,9,1
4575,853,5,2
4576,5314,28,2
4577,431,17,-1
4578,5612,536,-1
4579,2815,162,1
4580,1142,133,1
4581,3930,20,1
4582,3082,36,-1
4583,5387,439,1
4584,2984,20,3
4585,49,8,1
4586,3315,8,3
4587,3323,51,1
4588,726,4,2
4589,4821,199,2
4590,3746,155,-1
4591,1070,4,1
4592,5176,419,1
4593,2624,8,1
4594,3274,121,1
4595,5083,424,2
4596,5609,536,-1
4597,964,8,1
4598,1142,27,1
4599,4725,12,3
4600,3654,9,1
4601,2584,20,2
4602,369,19,1
4603,1485,16,-1
4604,5684,542,-1
4605,4485,16,1
4606,631,8,1
4607,308,16,1
4608,5021,28,2
4609,5178,414,1
4610,2709,9,1
4611,2379,8,1
4612,1679,17,-1
4613,4059,16,3
4614,1289,229,1
4615,5148,433,2
4616,5809,541,-1
4617,5576,525,-1
4618,2709,8,1
4619,935,261,1
4620,4323,307,1
4621,2702,24,2
4622,2788,49,1
4623,2010,5,1
4624,1837,287,1
4625,2067,4,1
4626,571,48,1
4627,5103,434,3
4628,4122,63,3
4629,2494,5,1
4630,5035,416,1
4631,1994,13,1
4632,1189,120,1
4633,4750,16,3
4634,3879,9,1
4635,5413,499,-1
4636,369,14,1
4637,5052,438,2
4638,5110,419,1
4639,1984,9,1
4640,1761,13,3
4641,4446,87,1
4642,1666,4,3
4643,2462,186,1
4644,1987,148,1
4645,2936,24,2
4646,5123,16,1
4647,4970,433,1
4648,3350,25,2
4649,4575,4,3
4650,39,51,-1
4651,4981,16,1
4652,3924,59,1
4653,2041,25,3
4654,2765,49,1
4655,4524,9,1
4656,2418,49,1
4657,979,13,1
4658,4189,12,1
4659,5620,540,-1
4660,5912,523,-1
4661,5305,416,3
4662,2254,49,1
4663,1717,317,3
4664,1033,16,1
4665,5269,452,1
4666,894,257,1
4667,1310,19,2
4668,5426,542,-1
4669,3802,384,1
4670,2008,285,3
4671,5292,16,1
4672,4242,26,1
4673,5410,499,-1
4674,1645,17,2
4675,1727,17,1
4676,2868,237,1
4677,5256,422,1
4678,2323,238,1
4679,1344,20,3
4680,4446,36,1
4681,3855,20,3
4682,1074,17,1
4683,5053,16,2
4684,599,20,1
4685,3740,16,-1
4686,4339,260,1
4687,5443,543,-1
4688,1822,198,1
4689,5151,419,2
4690,4114,16,-1
4691,4923,422,1
4692,361,17,2
4693,4275,49,1
4694,4062,11,1
4695,1501,16,-1
4696,5061,434,2
4697,542,24,3
